timestamp,Input throttle (%),Actual throttle (%),Volts (V),Aux volts (V),Amps (A),Amp hours (Ah),Motor speed (RPM),Speed (m/s),Distance (m),Temp1 (C),Temp2 (C),Gear ratio,Gear,Ideal gear,Efficiency (Wh/km),Steering angle (deg),Brake,Fan status,Fan duty (%),Latitude (deg),Longitude (deg),Altitude (m),Bearing (deg),SpeedGPS (m/s),GPSTime,GPSAccuracy (m),Lap,Vehicle name,Mode,Bluetooth,SFLBearing (deg),ObserverBearing (deg),Slope (deg),PerformanceMetric,Mangled data
1570599501341,23,0,22.13,0.00,0.00,12.27,0,0.0,0.000,50.9,21.9,0.000,-1,0,NaN,0,0,0,0,51.493679,-2.215967,184.7,129.6,0.0,1011526758000.0,11.3,0,,DEMO,CONNECTED,0,0,-89.7,0.0,0
1570599501596,23,0,22.13,0.00,0.00,12.27,0,0.0,0.000,50.9,21.9,0.000,-1,0,NaN,0,0,0,0,51.493679,-2.215967,184.7,129.6,0.0,1011526758000.0,11.3,0,,DEMO,CONNECTED,0,0,-89.7,0.0,0
1570599501853,23,0,22.13,0.00,0.00,12.27,0,0.0,0.000,50.9,21.9,0.000,-1,0,NaN,0,0,0,0,51.493679,-2.215967,184.7,129.6,0.0,1011526758000.0,11.3,0,,DEMO,CONNECTED,0,0,-89.7,0.0,0
1570599502106,23,0,22.13,0.00,0.00,12.27,0,0.0,0.000,50.9,21.9,0.000,-1,0,NaN,0,0,0,0,51.493679,-2.215967,184.7,129.6,0.0,1011526758000.0,11.3,0,,DEMO,CONNECTED,0,0,-89.7,0.0,0
1570599502357,23,0,22.13,0.00,0.00,12.27,0,0.0,0.000,50.9,21.9,0.000,-1,0,NaN,0,0,0,0,51.493679,-2.215967,184.8,105.7,0.0,1011526760000.0,11.3,0,,DEMO,CONNECTED,0,0,90.0,0.0,0
1570599502609,23,0,22.13,0.00,0.00,12.27,0,0.0,0.000,50.9,21.9,0.000,-1,0,NaN,0,0,0,0,51.493679,-2.215967,184.8,105.7,0.0,1011526760000.0,11.3,0,,DEMO,CONNECTED,0,0,90.0,0.0,0
1570599502866,23,0,22.13,0.00,0.00,12.27,0,0.0,0.000,50.9,21.9,0.000,-1,0,NaN,0,0,0,0,51.493679,-2.215967,184.8,105.7,0.0,1011526760000.0,11.3,0,,DEMO,CONNECTED,0,0,90.0,0.0,0
1570599503123,52,0,22.13,0.00,0.00,12.27,0,0.0,0.000,47.5,21.9,0.000,-1,0,NaN,0,0,0,0,51.493679,-2.215967,184.8,105.7,0.0,1011526760000.0,11.3,0,,DEMO,CONNECTED,0,0,90.0,0.0,1
1570599503376,59,0,23.51,0.00,0.00,12.27,0,0.0,0.000,47.5,22.1,0.000,-1,0,NaN,0,0,0,0,51.493679,-2.215967,184.8,105.7,0.0,1011526760000.0,11.3,0,,DEMO,CONNECTED,0,0,90.0,0.0,1
1570599503628,62,0,23.51,0.00,0.00,12.27,0,0.0,0.000,47.5,22.1,0.000,-1,0,NaN,0,0,0,0,51.493679,-2.215967,184.8,105.7,0.0,1011526760000.0,11.3,0,,DEMO,CONNECTED,0,0,90.0,0.0,1
1570599503880,57,0,23.54,0.00,0.00,12.27,0,0.0,0.000,47.5,22.1,0.000,-1,0,NaN,0,0,0,0,51.493679,-2.215967,184.8,105.7,0.0,1011526760000.0,11.3,0,,DEMO,CONNECTED,0,0,90.0,0.0,1
1570599504133,53,0,23.54,0.00,0.00,12.27,0,0.0,0.000,47.5,22.1,0.000,-1,0,NaN,0,0,0,0,51.493679,-2.215967,184.8,105.7,0.0,1011526760000.0,11.3,0,,DEMO,CONNECTED,0,0,90.0,0.0,1
1570599504403,54,0,23.54,0.00,0.00,12.27,0,0.0,0.000,47.5,22.1,0.000,-1,0,NaN,0,0,0,0,51.493679,-2.215967,180.4,85.3,0.0,1011526762000.0,11.7,0,,DEMO,CONNECTED,0,0,-90.0,0.0,1
1570599504661,49,0,23.51,0.00,0.00,12.27,0,0.0,0.000,47.5,22.1,0.000,-1,0,NaN,0,0,0,0,51.493679,-2.215967,180.4,85.3,0.0,1011526762000.0,11.7,0,,DEMO,CONNECTED,0,0,-90.0,0.0,1
1570599504916,33,0,23.54,0.00,0.00,12.27,0,0.0,0.000,47.5,22.1,0.000,-1,0,NaN,0,0,0,0,51.493679,-2.215967,180.4,85.3,0.0,1011526762000.0,11.7,0,,DEMO,CONNECTED,0,0,-90.0,0.0,1
1570599505173,33,0,23.54,0.00,0.00,12.27,0,0.0,0.000,47.5,22.1,0.000,-1,0,NaN,0,0,0,0,51.493679,-2.215967,180.4,85.3,0.0,1011526762000.0,11.7,0,,DEMO,CONNECTED,0,0,-90.0,0.0,1
1570599505430,33,0,23.54,0.00,0.00,12.27,0,0.0,0.000,47.5,22.1,0.000,-1,0,NaN,0,0,0,0,51.493679,-2.215967,180.4,85.3,0.0,1011526762000.0,11.7,0,,DEMO,CONNECTED,0,0,-90.0,0.0,1
1570599505686,33,0,23.54,0.00,0.00,12.27,0,0.0,0.000,47.5,22.1,0.000,-1,0,NaN,0,0,0,0,51.493679,-2.215967,180.4,85.3,0.0,1011526762000.0,11.7,0,,DEMO,CONNECTED,0,0,-90.0,0.0,1
1570599505940,33,0,23.54,0.00,0.00,12.27,0,0.0,0.000,47.5,22.1,0.000,-1,0,NaN,0,0,0,0,51.493679,-2.215967,180.4,85.3,0.0,1011526762000.0,11.7,0,,DEMO,CONNECTED,0,0,-90.0,0.0,1
1570599506192,33,0,23.54,0.00,0.00,12.27,0,0.0,0.000,47.5,22.1,0.000,-1,0,NaN,0,0,0,0,51.493679,-2.215967,185.2,85.5,0.0,1011526764000.0,12.0,0,,DEMO,CONNECTED,0,0,89.9,0.0,1
1570599506444,33,0,23.54,0.00,0.00,12.27,0,0.0,0.000,47.5,22.1,0.000,-1,0,NaN,0,0,0,0,51.493679,-2.215967,185.2,85.5,0.0,1011526764000.0,12.0,0,,DEMO,CONNECTED,0,0,89.9,0.0,1
1570599506700,33,0,23.54,0.00,0.00,12.27,0,0.0,0.000,47.5,22.1,0.000,-1,0,NaN,0,0,0,0,51.493679,-2.215967,185.2,85.5,0.0,1011526764000.0,12.0,0,,DEMO,CONNECTED,0,0,89.9,0.0,1
1570599506958,33,0,23.54,0.00,0.00,12.27,0,0.0,0.000,47.5,22.1,0.000,-1,0,NaN,0,0,0,0,51.493679,-2.215967,185.2,85.5,0.0,1011526764000.0,12.0,0,,DEMO,RECONNECTING,0,0,89.9,0.0,1
1570599507222,33,0,23.54,0.00,0.00,12.27,0,0.0,0.000,47.5,22.1,0.000,-1,0,NaN,0,0,0,0,51.493679,-2.215967,185.2,85.5,0.0,1011526764000.0,12.0,0,,DEMO,RECONNECTING,0,0,89.9,0.0,1
1570599507476,33,0,23.54,0.00,0.00,12.27,0,0.0,0.000,47.5,22.1,0.000,-1,0,NaN,0,0,0,0,51.493679,-2.215967,185.2,85.5,0.0,1011526764000.0,12.0,0,,DEMO,RECONNECTING,0,0,89.9,0.0,1
1570599507730,33,0,23.54,0.00,0.00,12.27,0,0.0,0.000,47.5,22.1,0.000,-1,0,NaN,0,0,0,0,51.493679,-2.215967,185.2,85.5,0.0,1011526764000.0,12.0,0,,DEMO,RECONNECTING,0,0,89.9,0.0,1
1570599507990,33,0,23.54,0.00,0.00,12.27,0,0.0,0.000,47.5,22.1,0.000,-1,0,NaN,0,0,0,0,51.493679,-2.215967,185.2,85.5,0.0,1011526764000.0,12.0,0,,DEMO,RECONNECTING,0,0,89.9,0.0,1
1570599508268,33,0,23.54,0.00,0.00,12.27,0,0.0,0.000,47.5,22.1,0.000,-1,0,NaN,0,0,0,0,51.493679,-2.215967,182.6,291.8,0.0,1011526766000.0,12.0,0,,DEMO,RECONNECTING,0,0,-89.8,0.0,1
1570599508538,33,0,23.54,0.00,0.00,12.27,0,0.0,0.000,47.5,22.1,0.000,-1,0,NaN,0,0,0,0,51.493679,-2.215967,182.6,291.8,0.0,1011526766000.0,12.0,0,,DEMO,RECONNECTING,0,0,-89.8,0.0,1
1570599508792,33,0,23.54,0.00,0.00,12.27,0,0.0,0.000,47.5,22.1,0.000,-1,0,NaN,0,0,0,0,51.493679,-2.215967,182.6,291.8,0.0,1011526766000.0,12.0,0,,DEMO,RECONNECTING,0,0,-89.8,0.0,1
1570599509044,33,0,23.54,0.00,0.00,12.27,0,0.0,0.000,47.5,22.1,0.000,-1,0,NaN,0,0,0,0,51.493679,-2.215967,182.6,291.8,0.0,1011526766000.0,12.0,0,,DEMO,RECONNECTING,0,0,-89.8,0.0,1
1570599509305,33,0,23.54,0.00,0.00,12.27,0,0.0,0.000,47.5,22.1,0.000,-1,0,NaN,0,0,0,0,51.493679,-2.215967,182.6,291.8,0.0,1011526766000.0,12.0,0,,DEMO,RECONNECTING,0,0,-89.8,0.0,1
1570599509573,33,0,23.54,0.00,0.00,12.27,0,0.0,0.000,47.5,22.1,0.000,-1,0,NaN,0,0,0,0,51.493679,-2.215967,182.6,291.8,0.0,1011526766000.0,12.0,0,,DEMO,RECONNECTING,0,0,-89.8,0.0,1
1570599509832,33,0,23.54,0.00,0.00,12.27,0,0.0,0.000,47.5,22.1,0.000,-1,0,NaN,0,0,0,0,51.493679,-2.215967,182.6,291.8,0.0,1011526766000.0,12.0,0,,DEMO,RECONNECTING,0,0,-89.8,0.0,1
1570599510096,33,0,23.54,0.00,0.00,12.27,0,0.0,0.000,47.5,22.1,0.000,-1,0,NaN,0,0,0,0,51.493679,-2.215967,182.6,291.8,0.0,1011526766000.0,12.0,0,,DEMO,DISCONNECTED,0,0,-89.8,0.0,1
1570599510350,33,0,23.54,0.00,0.00,12.27,0,0.0,0.000,47.5,22.1,0.000,-1,0,NaN,0,0,0,0,51.493679,-2.215967,184.2,86.8,0.0,1011526768000.0,12.0,0,,DEMO,DISCONNECTED,0,0,89.8,0.0,1
1570599510603,33,0,23.54,0.00,0.00,12.27,0,0.0,0.000,47.5,22.1,0.000,-1,0,NaN,0,0,0,0,51.493679,-2.215967,184.2,86.8,0.0,1011526768000.0,12.0,0,,DEMO,DISCONNECTED,0,0,89.8,0.0,1
1570599510858,33,0,23.54,0.00,0.00,12.27,0,0.0,0.000,47.5,22.1,0.000,-1,0,NaN,0,0,0,0,51.493679,-2.215967,184.2,86.8,0.0,1011526768000.0,12.0,0,,DEMO,DISCONNECTED,0,0,89.8,0.0,1
1570599511113,33,0,23.54,0.00,0.00,12.27,0,0.0,0.000,47.5,22.1,0.000,-1,0,NaN,0,0,0,0,51.493679,-2.215967,184.2,86.8,0.0,1011526768000.0,12.0,0,,DEMO,DISCONNECTED,0,0,89.8,0.0,1
1570599511373,33,0,23.54,0.00,0.00,12.27,0,0.0,0.000,47.5,22.1,0.000,-1,0,NaN,0,0,0,0,51.493679,-2.215967,184.2,86.8,0.0,1011526768000.0,12.0,0,,DEMO,DISCONNECTED,0,0,89.8,0.0,1
1570599511627,33,0,23.54,0.00,0.00,12.27,0,0.0,0.000,47.5,22.1,0.000,-1,0,NaN,0,0,0,0,51.493679,-2.215967,184.2,86.8,0.0,1011526768000.0,12.0,0,,DEMO,DISCONNECTED,0,0,89.8,0.0,1
1570599511879,33,0,23.54,0.00,0.00,12.27,0,0.0,0.000,47.5,22.1,0.000,-1,0,NaN,0,0,0,0,51.493679,-2.215967,184.2,86.8,0.0,1011526768000.0,12.0,0,,DEMO,DISCONNECTED,0,0,89.8,0.0,1
1570599512136,33,0,23.54,0.00,0.00,12.27,0,0.0,0.000,47.5,22.1,0.000,-1,0,NaN,0,0,0,0,51.493679,-2.215967,184.2,86.8,0.0,1011526768000.0,12.0,0,,DEMO,RECONNECTING,0,0,89.8,0.0,1
1570599512396,33,0,23.54,0.00,0.00,12.27,0,0.0,0.000,47.5,22.1,0.000,-1,0,NaN,0,0,0,0,51.493679,-2.215967,186.1,89.0,0.0,1011526770000.0,12.0,0,,DEMO,RECONNECTING,0,0,90.0,0.0,1
1570599512652,33,0,23.54,0.00,0.00,12.27,0,0.0,0.000,47.5,22.1,0.000,-1,0,NaN,0,0,0,0,51.493679,-2.215967,186.1,89.0,0.0,1011526770000.0,12.0,0,,DEMO,RECONNECTING,0,0,90.0,0.0,1
1570599512916,33,0,23.54,0.00,0.00,12.27,0,0.0,0.000,47.5,22.1,0.000,-1,0,NaN,0,0,0,0,51.493679,-2.215967,186.1,89.0,0.0,1011526770000.0,12.0,0,,DEMO,RECONNECTING,0,0,90.0,0.0,1
1570599513182,33,0,23.54,0.00,0.00,12.27,0,0.0,0.000,47.5,22.1,0.000,-1,0,NaN,0,0,0,0,51.493679,-2.215967,186.1,89.0,0.0,1011526770000.0,12.0,0,,DEMO,RECONNECTING,0,0,90.0,0.0,1
1570599513438,33,0,23.54,0.00,0.00,12.27,0,0.0,0.000,47.5,22.1,0.000,-1,0,NaN,0,0,0,0,51.493679,-2.215967,186.1,89.0,0.0,1011526770000.0,12.0,0,,DEMO,RECONNECTING,0,0,90.0,0.0,1
1570599513692,33,0,23.54,0.00,0.00,12.27,0,0.0,0.000,47.5,22.1,0.000,-1,0,NaN,0,0,0,0,51.493679,-2.215967,186.1,89.0,0.0,1011526770000.0,12.0,0,,DEMO,RECONNECTING,0,0,90.0,0.0,1
1570599513951,33,0,23.54,0.00,0.00,12.27,0,0.0,0.000,47.5,22.1,0.000,-1,0,NaN,0,0,0,0,51.493679,-2.215967,186.1,89.0,0.0,1011526770000.0,12.0,0,,DEMO,RECONNECTING,0,0,90.0,0.0,1
1570599514214,33,0,23.54,0.00,0.00,12.27,0,0.0,0.000,47.5,22.1,0.000,-1,0,NaN,0,0,0,0,51.493679,-2.215967,183.9,90.1,0.0,1011526772000.0,12.0,0,,DEMO,RECONNECTING,0,0,-90.0,0.0,1
1570599514467,33,0,23.54,0.00,0.00,12.27,0,0.0,0.000,47.5,22.1,0.000,-1,0,NaN,0,0,0,0,51.493679,-2.215967,183.9,90.1,0.0,1011526772000.0,12.0,0,,DEMO,RECONNECTING,0,0,-90.0,0.0,1
1570599514734,33,0,23.54,0.00,0.00,12.27,0,0.0,0.000,47.5,22.1,0.000,-1,0,NaN,0,0,0,0,51.493679,-2.215967,183.9,90.1,0.0,1011526772000.0,12.0,0,,DEMO,RECONNECTING,0,0,-90.0,0.0,1
1570599515002,33,0,23.54,0.00,0.00,12.27,0,0.0,0.000,47.5,22.1,0.000,-1,0,NaN,0,0,0,0,51.493679,-2.215967,183.9,90.1,0.0,1011526772000.0,12.0,0,,DEMO,RECONNECTING,0,0,-90.0,0.0,1
1570599515272,33,0,23.54,0.00,0.00,12.27,0,0.0,0.000,47.5,22.1,0.000,-1,0,NaN,0,0,0,0,51.493679,-2.215967,183.9,90.1,0.0,1011526772000.0,12.0,0,,DEMO,RECONNECTING,0,0,-90.0,0.0,1
1570599515528,33,0,23.54,0.00,0.00,12.27,0,0.0,0.000,47.5,22.1,0.000,-1,0,NaN,0,0,0,0,51.493679,-2.215967,183.9,90.1,0.0,1011526772000.0,12.0,0,,DEMO,RECONNECTING,0,0,-90.0,0.0,1
1570599515797,33,0,23.54,0.00,0.00,12.27,0,0.0,0.000,47.5,22.1,0.000,-1,0,NaN,0,0,0,0,51.493679,-2.215967,183.9,90.1,0.0,1011526772000.0,12.0,0,,DEMO,RECONNECTING,0,0,-90.0,0.0,1
1570599516050,33,0,23.54,0.00,0.00,12.27,0,0.0,0.000,47.5,22.1,0.000,-1,0,NaN,0,0,0,0,51.493679,-2.215967,183.9,90.1,0.0,1011526772000.0,12.0,0,,DEMO,RECONNECTING,0,0,-90.0,0.0,1
1570599516316,33,0,23.54,0.00,0.00,12.27,0,0.0,0.000,47.5,22.1,0.000,-1,0,NaN,0,0,0,0,51.493679,-2.215967,186.3,91.7,0.0,1011526774000.0,11.7,0,,DEMO,RECONNECTING,0,0,90.0,0.0,1
1570599516577,33,0,23.54,0.00,0.00,12.27,0,0.0,0.000,47.5,22.1,0.000,-1,0,NaN,0,0,0,0,51.493679,-2.215967,186.3,91.7,0.0,1011526774000.0,11.7,0,,DEMO,RECONNECTING,0,0,90.0,0.0,1
1570599516861,33,0,23.54,0.00,0.00,12.27,0,0.0,0.000,47.5,22.1,0.000,-1,0,NaN,0,0,0,0,51.493679,-2.215967,186.3,91.7,0.0,1011526774000.0,11.7,0,,DEMO,RECONNECTING,0,0,90.0,0.0,1
1570599517130,33,0,23.54,0.00,0.00,12.27,0,0.0,0.000,47.5,22.1,0.000,-1,0,NaN,0,0,0,0,51.493679,-2.215967,186.3,91.7,0.0,1011526774000.0,11.7,0,,DEMO,RECONNECTING,0,0,90.0,0.0,1
1570599517424,33,0,23.54,0.00,0.00,12.27,0,0.0,0.000,47.5,22.1,0.000,-1,0,NaN,0,0,0,0,51.493679,-2.215967,186.3,91.7,0.0,1011526774000.0,11.7,0,,DEMO,RECONNECTING,0,0,90.0,0.0,1
1570599517689,33,0,23.54,0.00,0.00,12.27,0,0.0,0.000,47.5,22.1,0.000,-1,0,NaN,0,0,0,0,51.493679,-2.215967,186.3,91.7,0.0,1011526774000.0,11.7,0,,DEMO,RECONNECTING,0,0,90.0,0.0,1
1570599517956,33,0,23.54,0.00,0.00,12.27,0,0.0,0.000,47.5,22.1,0.000,-1,0,NaN,0,0,0,0,51.493679,-2.215967,186.3,91.7,0.0,1011526774000.0,11.7,0,,DEMO,RECONNECTING,0,0,90.0,0.0,1
1570599518212,33,0,23.54,0.00,0.00,12.27,0,0.0,0.000,47.5,22.1,0.000,-1,0,NaN,0,0,0,0,51.493679,-2.215967,180.5,102.1,0.0,1011526776000.0,11.3,0,,DEMO,RECONNECTING,0,0,-90.0,0.0,1
1570599518487,33,0,23.54,0.00,0.00,12.27,0,0.0,0.000,47.5,22.1,0.000,-1,0,NaN,0,0,0,0,51.493679,-2.215967,180.5,102.1,0.0,1011526776000.0,11.3,0,,DEMO,RECONNECTING,0,0,-90.0,0.0,1
1570599518742,33,0,23.54,0.00,0.00,12.27,0,0.0,0.000,47.5,22.1,0.000,-1,0,NaN,0,0,0,0,51.493679,-2.215967,180.5,102.1,0.0,1011526776000.0,11.3,0,,DEMO,DISCONNECTED,0,0,-90.0,0.0,1
1570599519002,33,0,23.54,0.00,0.00,12.27,0,0.0,0.000,47.5,22.1,0.000,-1,0,NaN,0,0,0,0,51.493679,-2.215967,180.5,102.1,0.0,1011526776000.0,11.3,0,,DEMO,DISCONNECTED,0,0,-90.0,0.0,1
1570599519255,33,0,23.54,0.00,0.00,12.27,0,0.0,0.000,47.5,22.1,0.000,-1,0,NaN,0,0,0,0,51.493679,-2.215967,180.5,102.1,0.0,1011526776000.0,11.3,0,,DEMO,DISCONNECTED,0,0,-90.0,0.0,1
1570599519512,33,0,23.54,0.00,0.00,12.27,0,0.0,0.000,47.5,22.1,0.000,-1,0,NaN,0,0,0,0,51.493679,-2.215967,180.5,102.1,0.0,1011526776000.0,11.3,0,,DEMO,DISCONNECTED,0,0,-90.0,0.0,1
1570599519769,33,0,23.54,0.00,0.00,12.27,0,0.0,0.000,47.5,22.1,0.000,-1,0,NaN,0,0,0,0,51.493679,-2.215967,180.5,102.1,0.0,1011526776000.0,11.3,0,,DEMO,DISCONNECTED,0,0,-90.0,0.0,1
1570599520028,33,0,23.54,0.00,0.00,12.27,0,0.0,0.000,47.5,22.1,0.000,-1,0,NaN,0,0,0,0,51.493679,-2.215967,180.5,102.1,0.0,1011526776000.0,11.3,0,,DEMO,DISCONNECTED,0,0,-90.0,0.0,1
1570599520286,33,0,23.54,0.00,0.00,12.27,0,0.0,0.000,47.5,22.1,0.000,-1,0,NaN,0,0,0,0,51.493679,-2.215967,183.4,90.1,0.0,1011526778000.0,11.0,0,,DEMO,DISCONNECTED,0,0,89.9,0.0,1
1570599520541,33,0,23.54,0.00,0.00,12.27,0,0.0,0.000,47.5,22.1,0.000,-1,0,NaN,0,0,0,0,51.493679,-2.215967,183.4,90.1,0.0,1011526778000.0,11.0,0,,DEMO,RECONNECTING,0,0,89.9,0.0,1
1570599520803,33,0,23.54,0.00,0.00,12.27,0,0.0,0.000,47.5,22.1,0.000,-1,0,NaN,0,0,0,0,51.493679,-2.215967,183.4,90.1,0.0,1011526778000.0,11.0,0,,DEMO,RECONNECTING,0,0,89.9,0.0,1
1570599521059,33,0,23.54,0.00,0.00,12.27,0,0.0,0.000,47.5,22.1,0.000,-1,0,NaN,0,0,0,0,51.493679,-2.215967,183.4,90.1,0.0,1011526778000.0,11.0,0,,DEMO,RECONNECTING,0,0,89.9,0.0,1
1570599521316,33,0,23.54,0.00,0.00,12.27,0,0.0,0.000,47.5,22.1,0.000,-1,0,NaN,0,0,0,0,51.493679,-2.215967,183.4,90.1,0.0,1011526778000.0,11.0,0,,DEMO,RECONNECTING,0,0,89.9,0.0,1
1570599521578,33,0,23.54,0.00,0.00,12.27,0,0.0,0.000,47.5,22.1,0.000,-1,0,NaN,0,0,0,0,51.493679,-2.215967,183.4,90.1,0.0,1011526778000.0,11.0,0,,DEMO,RECONNECTING,0,0,89.9,0.0,1
1570599521846,33,0,23.54,0.00,0.00,12.27,0,0.0,0.000,47.5,22.1,0.000,-1,0,NaN,0,0,0,0,51.493679,-2.215967,183.4,90.1,0.0,1011526778000.0,11.0,0,,DEMO,RECONNECTING,0,0,89.9,0.0,1
1570599522114,33,0,23.54,0.00,0.00,12.27,0,0.0,0.000,47.5,22.1,0.000,-1,0,NaN,0,0,0,0,51.493679,-2.215967,183.4,90.1,0.0,1011526778000.0,11.0,0,,DEMO,RECONNECTING,0,0,89.9,0.0,1
1570599522372,33,0,23.54,0.00,0.00,12.27,0,0.0,0.000,47.5,22.1,0.000,-1,0,NaN,0,0,0,0,51.493679,-2.215967,182.7,90.0,0.0,1011526780000.0,11.0,0,,DEMO,RECONNECTING,0,0,-90.0,0.0,1
1570599522624,33,0,23.54,0.00,0.00,12.27,0,0.0,0.000,47.5,22.1,0.000,-1,0,NaN,0,0,0,0,51.493679,-2.215967,182.7,90.0,0.0,1011526780000.0,11.0,0,,DEMO,RECONNECTING,0,0,-90.0,0.0,1
1570599522883,33,0,23.54,0.00,0.00,12.27,0,0.0,0.000,47.5,22.1,0.000,-1,0,NaN,0,0,0,0,51.493679,-2.215967,182.7,90.0,0.0,1011526780000.0,11.0,0,,DEMO,RECONNECTING,0,0,-90.0,0.0,1
1570599523151,33,0,23.54,0.00,0.00,12.27,0,0.0,0.000,47.5,22.1,0.000,-1,0,NaN,0,0,0,0,51.493679,-2.215967,182.7,90.0,0.0,1011526780000.0,11.0,0,,DEMO,RECONNECTING,0,0,-90.0,0.0,1
1570599523427,33,0,23.54,0.00,0.00,12.27,0,0.0,0.000,47.5,22.1,0.000,-1,0,NaN,0,0,0,0,51.493679,-2.215967,182.7,90.0,0.0,1011526780000.0,11.0,0,,DEMO,RECONNECTING,0,0,-90.0,0.0,1
1570599523693,33,0,23.54,0.00,0.00,12.27,0,0.0,0.000,47.5,22.1,0.000,-1,0,NaN,0,0,0,0,51.493679,-2.215967,182.7,90.0,0.0,1011526780000.0,11.0,0,,DEMO,RECONNECTING,0,0,-90.0,0.0,1
1570599523955,33,0,23.54,0.00,0.00,12.27,0,0.0,0.000,47.5,22.1,0.000,-1,0,NaN,0,0,0,0,51.493679,-2.215967,182.7,90.0,0.0,1011526780000.0,11.0,0,,DEMO,RECONNECTING,0,0,-90.0,0.0,1
1570599524209,33,0,23.54,0.00,0.00,12.27,0,0.0,0.000,47.5,22.1,0.000,-1,0,NaN,0,0,0,0,51.493679,-2.215967,179.9,166.5,0.0,1011526782000.0,11.0,0,,DEMO,RECONNECTING,0,0,-89.8,0.0,1
1570599524471,33,0,23.54,0.00,0.00,12.27,0,0.0,0.000,47.5,22.1,0.000,-1,0,NaN,0,0,0,0,51.493679,-2.215967,179.9,166.5,0.0,1011526782000.0,11.0,0,,DEMO,RECONNECTING,0,0,-89.8,0.0,1
1570599524725,33,0,23.54,0.00,0.00,12.27,0,0.0,0.000,47.5,22.1,0.000,-1,0,NaN,0,0,0,0,51.493679,-2.215967,179.9,166.5,0.0,1011526782000.0,11.0,0,,DEMO,RECONNECTING,0,0,-89.8,0.0,1
1570599524983,33,0,23.54,0.00,0.00,12.27,0,0.0,0.000,47.5,22.1,0.000,-1,0,NaN,0,0,0,0,51.493679,-2.215967,179.9,166.5,0.0,1011526782000.0,11.0,0,,DEMO,RECONNECTING,0,0,-89.8,0.0,1
1570599525248,33,0,23.54,0.00,0.00,12.27,0,0.0,0.000,47.5,22.1,0.000,-1,0,NaN,0,0,0,0,51.493679,-2.215967,179.9,166.5,0.0,1011526782000.0,11.0,0,,DEMO,RECONNECTING,0,0,-89.8,0.0,1
1570599525502,33,0,23.54,0.00,0.00,12.27,0,0.0,0.000,47.5,22.1,0.000,-1,0,NaN,0,0,0,0,51.493679,-2.215967,179.9,166.5,0.0,1011526782000.0,11.0,0,,DEMO,RECONNECTING,0,0,-89.8,0.0,1
1570599525765,33,0,23.54,0.00,0.00,12.27,0,0.0,0.000,47.5,22.1,0.000,-1,0,NaN,0,0,0,0,51.493679,-2.215967,179.9,166.5,0.0,1011526782000.0,11.0,0,,DEMO,RECONNECTING,0,0,-89.8,0.0,1
1570599526025,33,0,23.54,0.00,0.00,12.27,0,0.0,0.000,47.5,22.1,0.000,-1,0,NaN,0,0,0,0,51.493679,-2.215967,179.9,166.5,0.0,1011526782000.0,11.0,0,,DEMO,RECONNECTING,0,0,-89.8,0.0,1
1570599526282,33,0,23.54,0.00,0.00,12.27,0,0.0,0.000,47.5,22.1,0.000,-1,0,NaN,0,0,0,0,51.493679,-2.215966,183.4,138.8,0.0,1011526784000.0,11.0,0,,DEMO,RECONNECTING,0,0,89.9,0.0,1
1570599526543,33,0,23.54,0.00,0.00,12.27,0,0.0,0.000,47.5,22.1,0.000,-1,0,NaN,0,0,0,0,51.493679,-2.215966,183.4,138.8,0.0,1011526784000.0,11.0,0,,DEMO,RECONNECTING,0,0,89.9,0.0,1
1570599526806,33,0,23.54,0.00,0.00,12.27,0,0.0,0.000,47.5,22.1,0.000,-1,0,NaN,0,0,0,0,51.493679,-2.215966,183.4,138.8,0.0,1011526784000.0,11.0,0,,DEMO,RECONNECTING,0,0,89.9,0.0,1
1570599527059,33,0,23.54,0.00,0.00,12.27,0,0.0,0.000,47.5,22.1,0.000,-1,0,NaN,0,0,0,0,51.493679,-2.215966,183.4,138.8,0.0,1011526784000.0,11.0,0,,DEMO,DISCONNECTED,0,0,89.9,0.0,1
1570599527317,33,0,23.54,0.00,0.00,12.27,0,0.0,0.000,47.5,22.1,0.000,-1,0,NaN,0,0,0,0,51.493679,-2.215966,183.4,138.8,0.0,1011526784000.0,11.0,0,,DEMO,DISCONNECTED,0,0,89.9,0.0,1
1570599527573,33,0,23.54,0.00,0.00,12.27,0,0.0,0.000,47.5,22.1,0.000,-1,0,NaN,0,0,0,0,51.493679,-2.215966,183.4,138.8,0.0,1011526784000.0,11.0,0,,DEMO,DISCONNECTED,0,0,89.9,0.0,1
1570599527827,33,0,23.54,0.00,0.00,12.27,0,0.0,0.000,47.5,22.1,0.000,-1,0,NaN,0,0,0,0,51.493679,-2.215966,183.4,138.8,0.0,1011526784000.0,11.0,0,,DEMO,DISCONNECTED,0,0,89.9,0.0,1
1570599528078,33,0,23.54,0.00,0.00,12.27,0,0.0,0.000,47.5,22.1,0.000,-1,0,NaN,0,0,0,0,51.493679,-2.215966,183.4,138.8,0.0,1011526784000.0,11.0,0,,DEMO,DISCONNECTED,0,0,89.9,0.0,1
1570599528330,33,0,23.54,0.00,0.00,12.27,0,0.0,0.000,47.5,22.1,0.000,-1,0,NaN,0,0,0,0,51.493679,-2.215966,186.4,128.3,0.0,1011526786000.0,11.0,0,,DEMO,DISCONNECTED,0,0,90.0,0.0,1
1570599528582,33,0,23.54,0.00,0.00,12.27,0,0.0,0.000,47.5,22.1,0.000,-1,0,NaN,0,0,0,0,51.493679,-2.215966,186.4,128.3,0.0,1011526786000.0,11.0,0,,DEMO,DISCONNECTED,0,0,90.0,0.0,1
1570599528838,33,0,23.54,0.00,0.00,12.27,0,0.0,0.000,47.5,22.1,0.000,-1,0,NaN,0,0,0,0,51.493679,-2.215966,186.4,128.3,0.0,1011526786000.0,11.0,0,,DEMO,DISCONNECTED,0,0,90.0,0.0,1
1570599529098,33,0,23.54,0.00,0.00,12.27,0,0.0,0.000,47.5,22.1,0.000,-1,0,NaN,0,0,0,0,51.493679,-2.215966,186.4,128.3,0.0,1011526786000.0,11.0,0,,DEMO,RECONNECTING,0,0,90.0,0.0,1
1570599529357,33,0,23.54,0.00,0.00,12.27,0,0.0,0.000,47.5,22.1,0.000,-1,0,NaN,0,0,0,0,51.493679,-2.215966,186.4,128.3,0.0,1011526786000.0,11.0,0,,DEMO,RECONNECTING,0,0,90.0,0.0,1
1570599529611,33,0,23.54,0.00,0.00,12.27,0,0.0,0.000,47.5,22.1,0.000,-1,0,NaN,0,0,0,0,51.493679,-2.215966,186.4,128.3,0.0,1011526786000.0,11.0,0,,DEMO,RECONNECTING,0,0,90.0,0.0,1
1570599529863,33,0,23.54,0.00,0.00,12.27,0,0.0,0.000,47.5,22.1,0.000,-1,0,NaN,0,0,0,0,51.493679,-2.215966,186.4,128.3,0.0,1011526786000.0,11.0,0,,DEMO,RECONNECTING,0,0,90.0,0.0,1
1570599530149,33,0,23.54,0.00,0.00,12.27,0,0.0,0.000,47.5,22.1,0.000,-1,0,NaN,0,0,0,0,51.493679,-2.215966,186.4,128.3,0.0,1011526786000.0,11.0,0,,DEMO,RECONNECTING,0,0,90.0,0.0,1
1570599530417,33,0,23.54,0.00,0.00,12.27,0,0.0,0.000,47.5,22.1,0.000,-1,0,NaN,0,0,0,0,51.493679,-2.215966,184.3,117.5,0.0,1011526788000.0,11.0,0,,DEMO,RECONNECTING,0,0,-90.0,0.0,1
1570599530669,33,0,23.54,0.00,0.00,12.27,0,0.0,0.000,47.5,22.1,0.000,-1,0,NaN,0,0,0,0,51.493679,-2.215966,184.3,117.5,0.0,1011526788000.0,11.0,0,,DEMO,RECONNECTING,0,0,-90.0,0.0,1
1570599530936,33,0,23.54,0.00,0.00,12.27,0,0.0,0.000,47.5,22.1,0.000,-1,0,NaN,0,0,0,0,51.493679,-2.215966,184.3,117.5,0.0,1011526788000.0,11.0,0,,DEMO,RECONNECTING,0,0,-90.0,0.0,1
1570599531205,33,0,23.54,0.00,0.00,12.27,0,0.0,0.000,47.5,22.1,0.000,-1,0,NaN,0,0,0,0,51.493679,-2.215966,184.3,117.5,0.0,1011526788000.0,11.0,0,,DEMO,RECONNECTING,0,0,-90.0,0.0,1
1570599531460,33,0,23.54,0.00,0.00,12.27,0,0.0,0.000,47.5,22.1,0.000,-1,0,NaN,0,0,0,0,51.493679,-2.215966,184.3,117.5,0.0,1011526788000.0,11.0,0,,DEMO,RECONNECTING,0,0,-90.0,0.0,1
1570599531712,33,0,23.54,0.00,0.00,12.27,0,0.0,0.000,47.5,22.1,0.000,-1,0,NaN,0,0,0,0,51.493679,-2.215966,184.3,117.5,0.0,1011526788000.0,11.0,0,,DEMO,RECONNECTING,0,0,-90.0,0.0,1
1570599531973,33,0,23.54,0.00,0.00,12.27,0,0.0,0.000,47.5,22.1,0.000,-1,0,NaN,0,0,0,0,51.493679,-2.215966,184.3,117.5,0.0,1011526788000.0,11.0,0,,DEMO,RECONNECTING,0,0,-90.0,0.0,1
1570599532232,33,0,23.54,0.00,0.00,12.27,0,0.0,0.000,47.5,22.1,0.000,-1,0,NaN,0,0,0,0,51.493679,-2.215966,179.9,89.9,0.0,1011526790000.0,11.0,0,,DEMO,RECONNECTING,0,0,-89.9,0.0,1
1570599532498,33,0,23.54,0.00,0.00,12.27,0,0.0,0.000,47.5,22.1,0.000,-1,0,NaN,0,0,0,0,51.493679,-2.215966,179.9,89.9,0.0,1011526790000.0,11.0,0,,DEMO,RECONNECTING,0,0,-89.9,0.0,1
1570599532766,33,0,23.54,0.00,0.00,12.27,0,0.0,0.000,47.5,22.1,0.000,-1,0,NaN,0,0,0,0,51.493679,-2.215966,179.9,89.9,0.0,1011526790000.0,11.0,0,,DEMO,RECONNECTING,0,0,-89.9,0.0,1
1570599533028,33,0,23.54,0.00,0.00,12.27,0,0.0,0.000,47.5,22.1,0.000,-1,0,NaN,0,0,0,0,51.493679,-2.215966,179.9,89.9,0.0,1011526790000.0,11.0,0,,DEMO,RECONNECTING,0,0,-89.9,0.0,1
1570599533303,33,0,23.54,0.00,0.00,12.27,0,0.0,0.000,47.5,22.1,0.000,-1,0,NaN,0,0,0,0,51.493679,-2.215966,179.9,89.9,0.0,1011526790000.0,11.0,0,,DEMO,RECONNECTING,0,0,-89.9,0.0,1
1570599533577,33,0,23.54,0.00,0.00,12.27,0,0.0,0.000,47.5,22.1,0.000,-1,0,NaN,0,0,0,0,51.493679,-2.215966,179.9,89.9,0.0,1011526790000.0,11.0,0,,DEMO,RECONNECTING,0,0,-89.9,0.0,1
1570599533841,33,0,23.54,0.00,0.00,12.27,0,0.0,0.000,47.5,22.1,0.000,-1,0,NaN,0,0,0,0,51.493679,-2.215966,179.9,89.9,0.0,1011526790000.0,11.0,0,,DEMO,RECONNECTING,0,0,-89.9,0.0,1
1570599534101,33,0,23.54,0.00,0.00,12.27,0,0.0,0.000,47.5,22.1,0.000,-1,0,NaN,0,0,0,0,51.493679,-2.215966,179.9,89.9,0.0,1011526790000.0,11.0,0,,DEMO,RECONNECTING,0,0,-89.9,0.0,1
1570599534386,33,0,23.54,0.00,0.00,12.27,0,0.0,0.000,47.5,22.1,0.000,-1,0,NaN,0,0,0,0,51.493679,-2.215966,184.4,86.3,0.0,1011526792000.0,10.7,0,,DEMO,RECONNECTING,0,0,90.0,0.0,1
1570599534639,33,0,23.54,0.00,0.00,12.27,0,0.0,0.000,47.5,22.1,0.000,-1,0,NaN,0,0,0,0,51.493679,-2.215966,184.4,86.3,0.0,1011526792000.0,10.7,0,,DEMO,RECONNECTING,0,0,90.0,0.0,1
1570599534891,33,0,23.54,0.00,0.00,12.27,0,0.0,0.000,47.5,22.1,0.000,-1,0,NaN,0,0,0,0,51.493679,-2.215966,184.4,86.3,0.0,1011526792000.0,10.7,0,,DEMO,RECONNECTING,0,0,90.0,0.0,1
1570599535143,33,0,23.54,0.00,0.00,12.27,0,0.0,0.000,47.5,22.1,0.000,-1,0,NaN,0,0,0,0,51.493679,-2.215966,184.4,86.3,0.0,1011526792000.0,10.7,0,,DEMO,RECONNECTING,0,0,90.0,0.0,1
1570599535399,33,0,23.54,0.00,0.00,12.27,0,0.0,0.000,47.5,22.1,0.000,-1,0,NaN,0,0,0,0,51.493679,-2.215966,184.4,86.3,0.0,1011526792000.0,10.7,0,,DEMO,RECONNECTING,0,0,90.0,0.0,1
1570599535652,33,0,23.54,0.00,0.00,12.27,0,0.0,0.000,47.5,22.1,0.000,-1,0,NaN,0,0,0,0,51.493679,-2.215966,184.4,86.3,0.0,1011526792000.0,10.7,0,,DEMO,DISCONNECTED,0,0,90.0,0.0,1
1570599535909,33,0,23.54,0.00,0.00,12.27,0,0.0,0.000,47.5,22.1,0.000,-1,0,NaN,0,0,0,0,51.493679,-2.215966,184.4,86.3,0.0,1011526792000.0,10.7,0,,DEMO,DISCONNECTED,0,0,90.0,0.0,1
1570599536162,33,0,23.54,0.00,0.00,12.27,0,0.0,0.000,47.5,22.1,0.000,-1,0,NaN,0,0,0,0,51.493679,-2.215966,185.6,83.9,0.0,1011526794000.0,10.3,0,,DEMO,DISCONNECTED,0,0,90.0,0.0,1
1570599536418,33,0,23.54,0.00,0.00,12.27,0,0.0,0.000,47.5,22.1,0.000,-1,0,NaN,0,0,0,0,51.493679,-2.215966,185.6,83.9,0.0,1011526794000.0,10.3,0,,DEMO,DISCONNECTED,0,0,90.0,0.0,1
1570599536674,33,0,23.54,0.00,0.00,12.27,0,0.0,0.000,47.5,22.1,0.000,-1,0,NaN,0,0,0,0,51.493679,-2.215966,185.6,83.9,0.0,1011526794000.0,10.3,0,,DEMO,DISCONNECTED,0,0,90.0,0.0,1
1570599536933,33,0,23.54,0.00,0.00,12.27,0,0.0,0.000,47.5,22.1,0.000,-1,0,NaN,0,0,0,0,51.493679,-2.215966,185.6,83.9,0.0,1011526794000.0,10.3,0,,DEMO,DISCONNECTED,0,0,90.0,0.0,1
1570599537186,33,0,23.54,0.00,0.00,12.27,0,0.0,0.000,47.5,22.1,0.000,-1,0,NaN,0,0,0,0,51.493679,-2.215966,185.6,83.9,0.0,1011526794000.0,10.3,0,,DEMO,DISCONNECTED,0,0,90.0,0.0,1
1570599537438,33,0,23.54,0.00,0.00,12.27,0,0.0,0.000,47.5,22.1,0.000,-1,0,NaN,0,0,0,0,51.493679,-2.215966,185.6,83.9,0.0,1011526794000.0,10.3,0,,DEMO,RECONNECTING,0,0,90.0,0.0,1
1570599537693,33,0,23.54,0.00,0.00,12.27,0,0.0,0.000,47.5,22.1,0.000,-1,0,NaN,0,0,0,0,51.493679,-2.215966,185.6,83.9,0.0,1011526794000.0,10.3,0,,DEMO,RECONNECTING,0,0,90.0,0.0,1
1570599537950,33,0,23.54,0.00,0.00,12.27,0,0.0,0.000,47.5,22.1,0.000,-1,0,NaN,0,0,0,0,51.493679,-2.215966,185.6,83.9,0.0,1011526794000.0,10.3,0,,DEMO,RECONNECTING,0,0,90.0,0.0,1
1570599538207,33,0,23.54,0.00,0.00,12.27,0,0.0,0.000,47.5,22.1,0.000,-1,0,NaN,0,0,0,0,51.493679,-2.215966,182.3,79.5,0.0,1011526796000.0,10.3,0,,DEMO,RECONNECTING,0,0,-90.0,0.0,1
1570599538475,33,0,23.54,0.00,0.00,12.27,0,0.0,0.000,47.5,22.1,0.000,-1,0,NaN,0,0,0,0,51.493679,-2.215966,182.3,79.5,0.0,1011526796000.0,10.3,0,,DEMO,RECONNECTING,0,0,-90.0,0.0,1
1570599538729,33,0,23.54,0.00,0.00,12.27,0,0.0,0.000,47.5,22.1,0.000,-1,0,NaN,0,0,0,0,51.493679,-2.215966,182.3,79.5,0.0,1011526796000.0,10.3,0,,DEMO,RECONNECTING,0,0,-90.0,0.0,1
1570599538992,33,0,23.54,0.00,0.00,12.27,0,0.0,0.000,47.5,22.1,0.000,-1,0,NaN,0,0,0,0,51.493679,-2.215966,182.3,79.5,0.0,1011526796000.0,10.3,0,,DEMO,RECONNECTING,0,0,-90.0,0.0,1
1570599539252,33,0,23.54,0.00,0.00,12.27,0,0.0,0.000,47.5,22.1,0.000,-1,0,NaN,0,0,0,0,51.493679,-2.215966,182.3,79.5,0.0,1011526796000.0,10.3,0,,DEMO,RECONNECTING,0,0,-90.0,0.0,1
1570599539505,33,0,23.54,0.00,0.00,12.27,0,0.0,0.000,47.5,22.1,0.000,-1,0,NaN,0,0,0,0,51.493679,-2.215966,182.3,79.5,0.0,1011526796000.0,10.3,0,,DEMO,RECONNECTING,0,0,-90.0,0.0,1
1570599539768,33,0,23.54,0.00,0.00,12.27,0,0.0,0.000,47.5,22.1,0.000,-1,0,NaN,0,0,0,0,51.493679,-2.215966,182.3,79.5,0.0,1011526796000.0,10.3,0,,DEMO,RECONNECTING,0,0,-90.0,0.0,1
1570599540057,33,0,23.54,0.00,0.00,12.27,0,0.0,0.000,47.5,22.1,0.000,-1,0,NaN,0,0,0,0,51.493679,-2.215966,182.3,79.5,0.0,1011526796000.0,10.3,0,,DEMO,RECONNECTING,0,0,-90.0,0.0,1
1570599540323,33,0,23.54,0.00,0.00,12.27,0,0.0,0.000,47.5,22.1,0.000,-1,0,NaN,0,0,0,0,51.493679,-2.215966,185.0,282.3,0.0,1011526798000.0,10.3,0,,DEMO,RECONNECTING,0,0,90.0,0.0,1
1570599540582,33,0,23.54,0.00,0.00,12.27,0,0.0,0.000,47.5,22.1,0.000,-1,0,NaN,0,0,0,0,51.493679,-2.215966,185.0,282.3,0.0,1011526798000.0,10.3,0,,DEMO,RECONNECTING,0,0,90.0,0.0,1
1570599540842,33,0,23.54,0.00,0.00,12.27,0,0.0,0.000,47.5,22.1,0.000,-1,0,NaN,0,0,0,0,51.493679,-2.215966,185.0,282.3,0.0,1011526798000.0,10.3,0,,DEMO,RECONNECTING,0,0,90.0,0.0,1
1570599541103,33,0,23.54,0.00,0.00,12.27,0,0.0,0.000,47.5,22.1,0.000,-1,0,NaN,0,0,0,0,51.493679,-2.215966,185.0,282.3,0.0,1011526798000.0,10.3,0,,DEMO,RECONNECTING,0,0,90.0,0.0,1
1570599541378,33,0,23.54,0.00,0.00,12.27,0,0.0,0.000,47.5,22.1,0.000,-1,0,NaN,0,0,0,0,51.493679,-2.215966,185.0,282.3,0.0,1011526798000.0,10.3,0,,DEMO,RECONNECTING,0,0,90.0,0.0,1
1570599541633,33,0,23.54,0.00,0.00,12.27,0,0.0,0.000,47.5,22.1,0.000,-1,0,NaN,0,0,0,0,51.493679,-2.215966,185.0,282.3,0.0,1011526798000.0,10.3,0,,DEMO,RECONNECTING,0,0,90.0,0.0,1
1570599541896,33,0,23.54,0.00,0.00,12.27,0,0.0,0.000,47.5,22.1,0.000,-1,0,NaN,0,0,0,0,51.493679,-2.215966,185.0,282.3,0.0,1011526798000.0,10.3,0,,DEMO,RECONNECTING,0,0,90.0,0.0,1
1570599542149,33,0,23.54,0.00,0.00,12.27,0,0.0,0.000,47.5,22.1,0.000,-1,0,NaN,0,0,0,0,51.493679,-2.215966,185.0,282.3,0.0,1011526798000.0,10.3,0,,DEMO,RECONNECTING,0,0,90.0,0.0,1
1570599542413,33,0,23.54,0.00,0.00,12.27,0,0.0,0.000,47.5,22.1,0.000,-1,0,NaN,0,0,0,0,51.493679,-2.215966,181.6,90.0,0.0,1011526800000.0,10.3,0,,DEMO,RECONNECTING,0,0,-89.9,0.0,1
1570599542680,33,0,23.54,0.00,0.00,12.27,0,0.0,0.000,47.5,22.1,0.000,-1,0,NaN,0,0,0,0,51.493679,-2.215966,181.6,90.0,0.0,1011526800000.0,10.3,0,,DEMO,RECONNECTING,0,0,-89.9,0.0,1
1570599542942,33,0,23.54,0.00,0.00,12.27,0,0.0,0.000,47.5,22.1,0.000,-1,0,NaN,0,0,0,0,51.493679,-2.215966,181.6,90.0,0.0,1011526800000.0,10.3,0,,DEMO,RECONNECTING,0,0,-89.9,0.0,1
1570599543209,33,0,23.54,0.00,0.00,12.27,0,0.0,0.000,47.5,22.1,0.000,-1,0,NaN,0,0,0,0,51.493679,-2.215966,181.6,90.0,0.0,1011526800000.0,10.3,0,,DEMO,RECONNECTING,0,0,-89.9,0.0,1
1570599543463,33,0,23.54,0.00,0.00,12.27,0,0.0,0.000,47.5,22.1,0.000,-1,0,NaN,0,0,0,0,51.493679,-2.215966,181.6,90.0,0.0,1011526800000.0,10.3,0,,DEMO,RECONNECTING,0,0,-89.9,0.0,1
1570599543716,33,0,23.54,0.00,0.00,12.27,0,0.0,0.000,47.5,22.1,0.000,-1,0,NaN,0,0,0,0,51.493679,-2.215966,181.6,90.0,0.0,1011526800000.0,10.3,0,,DEMO,RECONNECTING,0,0,-89.9,0.0,1
1570599543968,33,0,23.54,0.00,0.00,12.27,0,0.0,0.000,47.5,22.1,0.000,-1,0,NaN,0,0,0,0,51.493679,-2.215966,181.6,90.0,0.0,1011526800000.0,10.3,0,,DEMO,DISCONNECTED,0,0,-89.9,0.0,1
1570599544219,33,0,23.54,0.00,0.00,12.27,0,0.0,0.000,47.5,22.1,0.000,-1,0,NaN,0,0,0,0,51.493679,-2.215966,185.2,155.5,0.0,1011526802000.0,10.0,0,,DEMO,DISCONNECTED,0,0,89.8,0.0,1
1570599544485,33,0,23.54,0.00,0.00,12.27,0,0.0,0.000,47.5,22.1,0.000,-1,0,NaN,0,0,0,0,51.493679,-2.215966,185.2,155.5,0.0,1011526802000.0,10.0,0,,DEMO,DISCONNECTED,0,0,89.8,0.0,1
1570599544739,33,0,23.54,0.00,0.00,12.27,0,0.0,0.000,47.5,22.1,0.000,-1,0,NaN,0,0,0,0,51.493679,-2.215966,185.2,155.5,0.0,1011526802000.0,10.0,0,,DEMO,DISCONNECTED,0,0,89.8,0.0,1
1570599544991,33,0,23.54,0.00,0.00,12.27,0,0.0,0.000,47.5,22.1,0.000,-1,0,NaN,0,0,0,0,51.493679,-2.215966,185.2,155.5,0.0,1011526802000.0,10.0,0,,DEMO,DISCONNECTED,0,0,89.8,0.0,1
1570599545247,33,0,23.54,0.00,0.00,12.27,0,0.0,0.000,47.5,22.1,0.000,-1,0,NaN,0,0,0,0,51.493679,-2.215966,185.2,155.5,0.0,1011526802000.0,10.0,0,,DEMO,DISCONNECTED,0,0,89.8,0.0,1
1570599545502,33,0,23.54,0.00,0.00,12.27,0,0.0,0.000,47.5,22.1,0.000,-1,0,NaN,0,0,0,0,51.493679,-2.215966,185.2,155.5,0.0,1011526802000.0,10.0,0,,DEMO,DISCONNECTED,0,0,89.8,0.0,1
1570599545755,33,0,23.54,0.00,0.00,12.27,0,0.0,0.000,47.5,22.1,0.000,-1,0,NaN,0,0,0,0,51.493679,-2.215966,185.2,155.5,0.0,1011526802000.0,10.0,0,,DEMO,DISCONNECTED,0,0,89.8,0.0,1
1570599546013,33,0,23.54,0.00,0.00,12.27,0,0.0,0.000,47.5,22.1,0.000,-1,0,NaN,0,0,0,0,51.493679,-2.215966,185.2,155.5,0.0,1011526802000.0,10.0,0,,DEMO,RECONNECTING,0,0,89.8,0.0,1
1570599546267,33,0,23.54,0.00,0.00,12.27,0,0.0,0.000,47.5,22.1,0.000,-1,0,NaN,0,0,0,0,51.493679,-2.215966,184.0,164.7,0.0,1011526804000.0,10.0,0,,DEMO,RECONNECTING,0,0,-90.0,0.0,1
1570599546519,33,0,23.54,0.00,0.00,12.27,0,0.0,0.000,47.5,22.1,0.000,-1,0,NaN,0,0,0,0,51.493679,-2.215966,184.0,164.7,0.0,1011526804000.0,10.0,0,,DEMO,RECONNECTING,0,0,-90.0,0.0,1
1570599546772,33,0,23.54,0.00,0.00,12.27,0,0.0,0.000,47.5,22.1,0.000,-1,0,NaN,0,0,0,0,51.493679,-2.215966,184.0,164.7,0.0,1011526804000.0,10.0,0,,DEMO,RECONNECTING,0,0,-90.0,0.0,1
1570599547038,33,0,23.54,0.00,0.00,12.27,0,0.0,0.000,47.5,22.1,0.000,-1,0,NaN,0,0,0,0,51.493679,-2.215966,184.0,164.7,0.0,1011526804000.0,10.0,0,,DEMO,RECONNECTING,0,0,-90.0,0.0,1
1570599547307,33,0,23.54,0.00,0.00,12.27,0,0.0,0.000,47.5,22.1,0.000,-1,0,NaN,0,0,0,0,51.493679,-2.215966,184.0,164.7,0.0,1011526804000.0,10.0,0,,DEMO,RECONNECTING,0,0,-90.0,0.0,1
1570599547566,33,0,23.54,0.00,0.00,12.27,0,0.0,0.000,47.5,22.1,0.000,-1,0,NaN,0,0,0,0,51.493679,-2.215966,184.0,164.7,0.0,1011526804000.0,10.0,0,,DEMO,RECONNECTING,0,0,-90.0,0.0,1
1570599547834,33,0,23.54,0.00,0.00,12.27,0,0.0,0.000,47.5,22.1,0.000,-1,0,NaN,0,0,0,0,51.493679,-2.215966,184.0,164.7,0.0,1011526804000.0,10.0,0,,DEMO,RECONNECTING,0,0,-90.0,0.0,1
1570599548117,33,0,23.54,0.00,0.00,12.27,0,0.0,0.000,47.5,22.1,0.000,-1,0,NaN,0,0,0,0,51.493679,-2.215966,184.0,164.7,0.0,1011526804000.0,10.0,0,,DEMO,RECONNECTING,0,0,-90.0,0.0,1
1570599548369,33,0,23.54,0.00,0.00,12.27,0,0.0,0.000,47.5,22.1,0.000,-1,0,NaN,0,0,0,0,51.493679,-2.215966,185.6,171.2,0.0,1011526806000.0,10.0,0,,DEMO,RECONNECTING,0,0,90.0,0.0,1
1570599548622,33,0,23.54,0.00,0.00,12.27,0,0.0,0.000,47.5,22.1,0.000,-1,0,NaN,0,0,0,0,51.493679,-2.215966,185.6,171.2,0.0,1011526806000.0,10.0,0,,DEMO,RECONNECTING,0,0,90.0,0.0,1
1570599548886,33,0,23.54,0.00,0.00,12.27,0,0.0,0.000,47.5,22.1,0.000,-1,0,NaN,0,0,0,0,51.493679,-2.215966,185.6,171.2,0.0,1011526806000.0,10.0,0,,DEMO,RECONNECTING,0,0,90.0,0.0,1
1570599549149,33,0,23.54,0.00,0.00,12.27,0,0.0,0.000,47.5,22.1,0.000,-1,0,NaN,0,0,0,0,51.493679,-2.215966,185.6,171.2,0.0,1011526806000.0,10.0,0,,DEMO,RECONNECTING,0,0,90.0,0.0,1
1570599549437,33,0,23.54,0.00,0.00,12.27,0,0.0,0.000,47.5,22.1,0.000,-1,0,NaN,0,0,0,0,51.493679,-2.215966,185.6,171.2,0.0,1011526806000.0,10.0,0,,DEMO,RECONNECTING,0,0,90.0,0.0,1
1570599549693,33,0,23.54,0.00,0.00,12.27,0,0.0,0.000,47.5,22.1,0.000,-1,0,NaN,0,0,0,0,51.493679,-2.215966,185.6,171.2,0.0,1011526806000.0,10.0,0,,DEMO,RECONNECTING,0,0,90.0,0.0,1
1570599549960,33,0,23.54,0.00,0.00,12.27,0,0.0,0.000,47.5,22.1,0.000,-1,0,NaN,0,0,0,0,51.493679,-2.215966,185.6,171.2,0.0,1011526806000.0,10.0,0,,DEMO,RECONNECTING,0,0,90.0,0.0,1
1570599550213,33,0,23.54,0.00,0.00,12.27,0,0.0,0.000,47.5,22.1,0.000,-1,0,NaN,0,0,0,0,51.493679,-2.215966,182.1,184.7,0.0,1011526808000.0,10.0,0,,DEMO,RECONNECTING,0,0,-90.0,0.0,1
1570599550471,33,0,23.54,0.00,0.00,12.27,0,0.0,0.000,47.5,22.1,0.000,-1,0,NaN,0,0,0,0,51.493679,-2.215966,182.1,184.7,0.0,1011526808000.0,10.0,0,,DEMO,RECONNECTING,0,0,-90.0,0.0,1
1570599550730,33,0,23.54,0.00,0.00,12.27,0,0.0,0.000,47.5,22.1,0.000,-1,0,NaN,0,0,0,0,51.493679,-2.215966,182.1,184.7,0.0,1011526808000.0,10.0,0,,DEMO,RECONNECTING,0,0,-90.0,0.0,1
1570599551007,33,0,23.54,0.00,0.00,12.27,0,0.0,0.000,47.5,22.1,0.000,-1,0,NaN,0,0,0,0,51.493679,-2.215966,182.1,184.7,0.0,1011526808000.0,10.0,0,,DEMO,RECONNECTING,0,0,-90.0,0.0,1
1570599551274,33,0,23.54,0.00,0.00,12.27,0,0.0,0.000,47.5,22.1,0.000,-1,0,NaN,0,0,0,0,51.493679,-2.215966,182.1,184.7,0.0,1011526808000.0,10.0,0,,DEMO,RECONNECTING,0,0,-90.0,0.0,1
1570599551536,33,0,23.54,0.00,0.00,12.27,0,0.0,0.000,47.5,22.1,0.000,-1,0,NaN,0,0,0,0,51.493679,-2.215966,182.1,184.7,0.0,1011526808000.0,10.0,0,,DEMO,RECONNECTING,0,0,-90.0,0.0,1
1570599551790,33,0,23.54,0.00,0.00,12.27,0,0.0,0.000,47.5,22.1,0.000,-1,0,NaN,0,0,0,0,51.493679,-2.215966,182.1,184.7,0.0,1011526808000.0,10.0,0,,DEMO,RECONNECTING,0,0,-90.0,0.0,1
1570599552047,33,0,23.54,0.00,0.00,12.27,0,0.0,0.000,47.5,22.1,0.000,-1,0,NaN,0,0,0,0,51.493679,-2.215966,182.1,184.7,0.0,1011526808000.0,10.0,0,,DEMO,RECONNECTING,0,0,-90.0,0.0,1
1570599552301,33,0,23.54,0.00,0.00,12.27,0,0.0,0.000,47.5,22.1,0.000,-1,0,NaN,0,0,0,0,51.493679,-2.215966,182.9,294.7,0.0,1011526810000.0,10.3,0,,DEMO,RECONNECTING,0,0,90.0,0.0,1
1570599552555,33,0,23.54,0.00,0.00,12.27,0,0.0,0.000,47.5,22.1,0.000,-1,0,NaN,0,0,0,0,51.493679,-2.215966,182.9,294.7,0.0,1011526810000.0,10.3,0,,DEMO,DISCONNECTED,0,0,90.0,0.0,1
1570599552811,33,0,23.54,0.00,0.00,12.27,0,0.0,0.000,47.5,22.1,0.000,-1,0,NaN,0,0,0,0,51.493679,-2.215966,182.9,294.7,0.0,1011526810000.0,10.3,0,,DEMO,DISCONNECTED,0,0,90.0,0.0,1
1570599553064,33,0,23.54,0.00,0.00,12.27,0,0.0,0.000,47.5,22.1,0.000,-1,0,NaN,0,0,0,0,51.493679,-2.215966,182.9,294.7,0.0,1011526810000.0,10.3,0,,DEMO,DISCONNECTED,0,0,90.0,0.0,1
1570599553316,33,0,23.54,0.00,0.00,12.27,0,0.0,0.000,47.5,22.1,0.000,-1,0,NaN,0,0,0,0,51.493679,-2.215966,182.9,294.7,0.0,1011526810000.0,10.3,0,,DEMO,DISCONNECTED,0,0,90.0,0.0,1
1570599553570,33,0,23.54,0.00,0.00,12.27,0,0.0,0.000,47.5,22.1,0.000,-1,0,NaN,0,0,0,0,51.493679,-2.215966,182.9,294.7,0.0,1011526810000.0,10.3,0,,DEMO,DISCONNECTED,0,0,90.0,0.0,1
1570599553838,33,0,23.54,0.00,0.00,12.27,0,0.0,0.000,47.5,22.1,0.000,-1,0,NaN,0,0,0,0,51.493679,-2.215966,182.9,294.7,0.0,1011526810000.0,10.3,0,,DEMO,DISCONNECTED,0,0,90.0,0.0,1
1570599554096,33,0,23.54,0.00,0.00,12.27,0,0.0,0.000,47.5,22.1,0.000,-1,0,NaN,0,0,0,0,51.493679,-2.215966,182.9,294.7,0.0,1011526810000.0,10.3,0,,DEMO,DISCONNECTED,0,0,90.0,0.0,1
1570599554351,33,0,23.54,0.00,0.00,12.27,0,0.0,0.000,47.5,22.1,0.000,-1,0,NaN,0,0,0,0,51.493679,-2.215966,182.5,87.2,0.0,1011526812000.0,11.0,0,,DEMO,RECONNECTING,0,0,-89.1,0.0,1
1570599554610,33,0,23.54,0.00,0.00,12.27,0,0.0,0.000,47.5,22.1,0.000,-1,0,NaN,0,0,0,0,51.493679,-2.215966,182.5,87.2,0.0,1011526812000.0,11.0,0,,DEMO,RECONNECTING,0,0,-89.1,0.0,1
1570599554873,33,0,23.54,0.00,0.00,12.27,0,0.0,0.000,47.5,22.1,0.000,-1,0,NaN,0,0,0,0,51.493679,-2.215966,182.5,87.2,0.0,1011526812000.0,11.0,0,,DEMO,RECONNECTING,0,0,-89.1,0.0,1
1570599555129,33,0,23.54,0.00,0.00,12.27,0,0.0,0.000,47.5,22.1,0.000,-1,0,NaN,0,0,0,0,51.493679,-2.215966,182.5,87.2,0.0,1011526812000.0,11.0,0,,DEMO,RECONNECTING,0,0,-89.1,0.0,1
1570599555393,33,0,23.54,0.00,0.00,12.27,0,0.0,0.000,47.5,22.1,0.000,-1,0,NaN,0,0,0,0,51.493679,-2.215966,182.5,87.2,0.0,1011526812000.0,11.0,0,,DEMO,RECONNECTING,0,0,-89.1,0.0,1
1570599555653,33,0,23.54,0.00,0.00,12.27,0,0.0,0.000,47.5,22.1,0.000,-1,0,NaN,0,0,0,0,51.493679,-2.215966,182.5,87.2,0.0,1011526812000.0,11.0,0,,DEMO,RECONNECTING,0,0,-89.1,0.0,1
1570599555917,33,0,23.54,0.00,0.00,12.27,0,0.0,0.000,47.5,22.1,0.000,-1,0,NaN,0,0,0,0,51.493679,-2.215966,182.5,87.2,0.0,1011526812000.0,11.0,0,,DEMO,RECONNECTING,0,0,-89.1,0.0,1
1570599556170,33,0,23.54,0.00,0.00,12.27,0,0.0,0.000,47.5,22.1,0.000,-1,0,NaN,0,0,0,0,51.493679,-2.215966,182.5,87.2,0.0,1011526812000.0,11.0,0,,DEMO,RECONNECTING,0,0,-89.1,0.0,1
1570599556436,33,0,23.54,0.00,0.00,12.27,0,0.0,0.000,47.5,22.1,0.000,-1,0,NaN,0,0,0,0,51.493679,-2.215966,185.2,87.4,0.0,1011526814000.0,11.7,0,,DEMO,RECONNECTING,0,0,90.0,0.0,1
1570599556693,33,0,23.54,0.00,0.00,12.27,0,0.0,0.000,47.5,22.1,0.000,-1,0,NaN,0,0,0,0,51.493679,-2.215966,185.2,87.4,0.0,1011526814000.0,11.7,0,,DEMO,RECONNECTING,0,0,90.0,0.0,1
1570599556961,33,0,23.54,0.00,0.00,12.27,0,0.0,0.000,47.5,22.1,0.000,-1,0,NaN,0,0,0,0,51.493679,-2.215966,185.2,87.4,0.0,1011526814000.0,11.7,0,,DEMO,RECONNECTING,0,0,90.0,0.0,1
1570599557214,33,0,23.54,0.00,0.00,12.27,0,0.0,0.000,47.5,22.1,0.000,-1,0,NaN,0,0,0,0,51.493679,-2.215966,185.2,87.4,0.0,1011526814000.0,11.7,0,,DEMO,RECONNECTING,0,0,90.0,0.0,1
1570599557467,33,0,23.54,0.00,0.00,12.27,0,0.0,0.000,47.5,22.1,0.000,-1,0,NaN,0,0,0,0,51.493679,-2.215966,185.2,87.4,0.0,1011526814000.0,11.7,0,,DEMO,RECONNECTING,0,0,90.0,0.0,1
1570599557721,33,0,23.54,0.00,0.00,12.27,0,0.0,0.000,47.5,22.1,0.000,-1,0,NaN,0,0,0,0,51.493679,-2.215966,185.2,87.4,0.0,1011526814000.0,11.7,0,,DEMO,RECONNECTING,0,0,90.0,0.0,1
1570599557989,33,0,23.54,0.00,0.00,12.27,0,0.0,0.000,47.5,22.1,0.000,-1,0,NaN,0,0,0,0,51.493679,-2.215966,185.2,87.4,0.0,1011526814000.0,11.7,0,,DEMO,RECONNECTING,0,0,90.0,0.0,1
1570599558244,33,0,23.54,0.00,0.00,12.27,0,0.0,0.000,47.5,22.1,0.000,-1,0,NaN,0,0,0,0,51.493679,-2.215966,180.4,87.6,0.0,1011526816000.0,12.7,0,,DEMO,RECONNECTING,0,0,-90.0,0.0,1
1570599558504,33,0,23.54,0.00,0.00,12.27,0,0.0,0.000,47.5,22.1,0.000,-1,0,NaN,0,0,0,0,51.493679,-2.215966,180.4,87.6,0.0,1011526816000.0,12.7,0,,DEMO,RECONNECTING,0,0,-90.0,0.0,1
1570599558767,33,0,23.54,0.00,0.00,12.27,0,0.0,0.000,47.5,22.1,0.000,-1,0,NaN,0,0,0,0,51.493679,-2.215966,180.4,87.6,0.0,1011526816000.0,12.7,0,,DEMO,RECONNECTING,0,0,-90.0,0.0,1
1570599559034,33,0,23.54,0.00,0.00,12.27,0,0.0,0.000,47.5,22.1,0.000,-1,0,NaN,0,0,0,0,51.493679,-2.215966,180.4,87.6,0.0,1011526816000.0,12.7,0,,DEMO,RECONNECTING,0,0,-90.0,0.0,1
1570599559316,33,0,23.54,0.00,0.00,12.27,0,0.0,0.000,47.5,22.1,0.000,-1,0,NaN,0,0,0,0,51.493679,-2.215966,180.4,87.6,0.0,1011526816000.0,12.7,0,,DEMO,RECONNECTING,0,0,-90.0,0.0,1
1570599559590,33,0,23.54,0.00,0.00,12.27,0,0.0,0.000,47.5,22.1,0.000,-1,0,NaN,0,0,0,0,51.493679,-2.215966,180.4,87.6,0.0,1011526816000.0,12.7,0,,DEMO,RECONNECTING,0,0,-90.0,0.0,1
1570599559857,33,0,23.54,0.00,0.00,12.27,0,0.0,0.000,47.5,22.1,0.000,-1,0,NaN,0,0,0,0,51.493679,-2.215966,180.4,87.6,0.0,1011526816000.0,12.7,0,,DEMO,RECONNECTING,0,0,-90.0,0.0,1
1570599560112,33,0,23.54,0.00,0.00,12.27,0,0.0,0.000,47.5,22.1,0.000,-1,0,NaN,0,0,0,0,51.493679,-2.215966,180.4,87.6,0.0,1011526816000.0,12.7,0,,DEMO,RECONNECTING,0,0,-90.0,0.0,1
1570599560366,33,0,23.54,0.00,0.00,12.27,0,0.0,0.000,47.5,22.1,0.000,-1,0,NaN,0,0,0,0,51.493679,-2.215966,181.2,171.8,0.0,1011526818000.0,13.7,0,,DEMO,RECONNECTING,0,0,89.2,0.0,1
1570599560620,33,0,23.54,0.00,0.00,12.27,0,0.0,0.000,47.5,22.1,0.000,-1,0,NaN,0,0,0,0,51.493679,-2.215966,181.2,171.8,0.0,1011526818000.0,13.7,0,,DEMO,RECONNECTING,0,0,89.2,0.0,1
1570599560873,33,0,23.54,0.00,0.00,12.27,0,0.0,0.000,47.5,22.1,0.000,-1,0,NaN,0,0,0,0,51.493679,-2.215966,181.2,171.8,0.0,1011526818000.0,13.7,0,,DEMO,DISCONNECTED,0,0,89.2,0.0,1
1570599561129,33,0,23.54,0.00,0.00,12.27,0,0.0,0.000,47.5,22.1,0.000,-1,0,NaN,0,0,0,0,51.493679,-2.215966,181.2,171.8,0.0,1011526818000.0,13.7,0,,DEMO,DISCONNECTED,0,0,89.2,0.0,1
1570599561386,33,0,23.54,0.00,0.00,12.27,0,0.0,0.000,47.5,22.1,0.000,-1,0,NaN,0,0,0,0,51.493679,-2.215966,181.2,171.8,0.0,1011526818000.0,13.7,0,,DEMO,DISCONNECTED,0,0,89.2,0.0,1
1570599561643,33,0,23.54,0.00,0.00,12.27,0,0.0,0.000,47.5,22.1,0.000,-1,0,NaN,0,0,0,0,51.493679,-2.215966,181.2,171.8,0.0,1011526818000.0,13.7,0,,DEMO,DISCONNECTED,0,0,89.2,0.0,1
1570599561900,33,0,23.54,0.00,0.00,12.27,0,0.0,0.000,47.5,22.1,0.000,-1,0,NaN,0,0,0,0,51.493679,-2.215966,181.2,171.8,0.0,1011526818000.0,13.7,0,,DEMO,DISCONNECTED,0,0,89.2,0.0,1
1570599562156,33,0,23.54,0.00,0.00,12.27,0,0.0,0.000,47.5,22.1,0.000,-1,0,NaN,0,0,0,0,51.493679,-2.215966,182.2,177.5,0.0,1011526820000.0,16.0,0,,DEMO,DISCONNECTED,0,0,90.0,0.0,1
1570599562408,33,0,23.54,0.00,0.00,12.27,0,0.0,0.000,47.5,22.1,0.000,-1,0,NaN,0,0,0,0,51.493679,-2.215966,182.2,177.5,0.0,1011526820000.0,16.0,0,,DEMO,DISCONNECTED,0,0,90.0,0.0,1
1570599562660,33,0,23.54,0.00,0.00,12.27,0,0.0,0.000,47.5,22.1,0.000,-1,0,NaN,0,0,0,0,51.493679,-2.215966,182.2,177.5,0.0,1011526820000.0,16.0,0,,DEMO,DISCONNECTED,0,0,90.0,0.0,1
1570599562916,33,0,23.54,0.00,0.00,12.27,0,0.0,0.000,47.5,22.1,0.000,-1,0,NaN,0,0,0,0,51.493679,-2.215966,182.2,177.5,0.0,1011526820000.0,16.0,0,,DEMO,RECONNECTING,0,0,90.0,0.0,1
1570599563180,33,0,23.54,0.00,0.00,12.27,0,0.0,0.000,47.5,22.1,0.000,-1,0,NaN,0,0,0,0,51.493679,-2.215966,182.2,177.5,0.0,1011526820000.0,16.0,0,,DEMO,RECONNECTING,0,0,90.0,0.0,1
1570599563437,33,0,23.54,0.00,0.00,12.27,0,0.0,0.000,47.5,22.1,0.000,-1,0,NaN,0,0,0,0,51.493679,-2.215966,182.2,177.5,0.0,1011526820000.0,16.0,0,,DEMO,RECONNECTING,0,0,90.0,0.0,1
1570599563700,33,0,23.54,0.00,0.00,12.27,0,0.0,0.000,47.5,22.1,0.000,-1,0,NaN,0,0,0,0,51.493679,-2.215966,182.2,177.5,0.0,1011526820000.0,16.0,0,,DEMO,RECONNECTING,0,0,90.0,0.0,1
1570599563968,33,0,23.54,0.00,0.00,12.27,0,0.0,0.000,47.5,22.1,0.000,-1,0,NaN,0,0,0,0,51.493679,-2.215966,182.2,177.5,0.0,1011526820000.0,16.0,0,,DEMO,RECONNECTING,0,0,90.0,0.0,1
1570599564229,33,0,23.54,0.00,0.00,12.27,0,0.0,0.000,47.5,22.1,0.000,-1,0,NaN,0,0,0,0,51.493679,-2.215966,181.1,180.5,0.0,1011526822000.0,19.0,0,,DEMO,RECONNECTING,0,0,-90.0,0.0,1
1570599564497,33,0,23.54,0.00,0.00,12.27,0,0.0,0.000,47.5,22.1,0.000,-1,0,NaN,0,0,0,0,51.493679,-2.215966,181.1,180.5,0.0,1011526822000.0,19.0,0,,DEMO,RECONNECTING,0,0,-90.0,0.0,1
1570599564758,33,0,23.54,0.00,0.00,12.27,0,0.0,0.000,47.5,22.1,0.000,-1,0,NaN,0,0,0,0,51.493679,-2.215966,181.1,180.5,0.0,1011526822000.0,19.0,0,,DEMO,RECONNECTING,0,0,-90.0,0.0,1
1570599565020,33,0,23.54,0.00,0.00,12.27,0,0.0,0.000,47.5,22.1,0.000,-1,0,NaN,0,0,0,0,51.493679,-2.215966,181.1,180.5,0.0,1011526822000.0,19.0,0,,DEMO,RECONNECTING,0,0,-90.0,0.0,1
1570599565276,33,0,23.54,0.00,0.00,12.27,0,0.0,0.000,47.5,22.1,0.000,-1,0,NaN,0,0,0,0,51.493679,-2.215966,181.1,180.5,0.0,1011526822000.0,19.0,0,,DEMO,RECONNECTING,0,0,-90.0,0.0,1
1570599565529,33,0,23.54,0.00,0.00,12.27,0,0.0,0.000,47.5,22.1,0.000,-1,0,NaN,0,0,0,0,51.493679,-2.215966,181.1,180.5,0.0,1011526822000.0,19.0,0,,DEMO,RECONNECTING,0,0,-90.0,0.0,1
1570599565795,33,0,23.54,0.00,0.00,12.27,0,0.0,0.000,47.5,22.1,0.000,-1,0,NaN,0,0,0,0,51.493679,-2.215966,181.1,180.5,0.0,1011526822000.0,19.0,0,,DEMO,RECONNECTING,0,0,-90.0,0.0,1
1570599566065,33,0,23.54,0.00,0.00,12.27,0,0.0,0.000,47.5,22.1,0.000,-1,0,NaN,0,0,0,0,51.493679,-2.215966,181.1,180.5,0.0,1011526822000.0,19.0,0,,DEMO,RECONNECTING,0,0,-90.0,0.0,1
1570599566318,33,0,23.54,0.00,0.00,12.27,0,0.0,0.000,47.5,22.1,0.000,-1,0,NaN,0,0,0,0,51.493679,-2.215966,190.0,184.8,0.0,1011526824000.0,20.3,0,,DEMO,RECONNECTING,0,0,90.0,0.0,1
1570599566590,33,0,23.54,0.00,0.00,12.27,0,0.0,0.000,47.5,22.1,0.000,-1,0,NaN,0,0,0,0,51.493679,-2.215966,190.0,184.8,0.0,1011526824000.0,20.3,0,,DEMO,RECONNECTING,0,0,90.0,0.0,1
1570599566859,33,0,23.54,0.00,0.00,12.27,0,0.0,0.000,47.5,22.1,0.000,-1,0,NaN,0,0,0,0,51.493679,-2.215966,190.0,184.8,0.0,1011526824000.0,20.3,0,,DEMO,RECONNECTING,0,0,90.0,0.0,1
1570599567127,33,0,23.54,0.00,0.00,12.27,0,0.0,0.000,47.5,22.1,0.000,-1,0,NaN,0,0,0,0,51.493679,-2.215966,190.0,184.8,0.0,1011526824000.0,20.3,0,,DEMO,RECONNECTING,0,0,90.0,0.0,1
1570599567397,33,0,23.54,0.00,0.00,12.27,0,0.0,0.000,47.5,22.1,0.000,-1,0,NaN,0,0,0,0,51.493679,-2.215966,190.0,184.8,0.0,1011526824000.0,20.3,0,,DEMO,RECONNECTING,0,0,90.0,0.0,1
1570599567650,33,0,23.54,0.00,0.00,12.27,0,0.0,0.000,47.5,22.1,0.000,-1,0,NaN,0,0,0,0,51.493679,-2.215966,190.0,184.8,0.0,1011526824000.0,20.3,0,,DEMO,RECONNECTING,0,0,90.0,0.0,1
1570599567903,33,0,23.54,0.00,0.00,12.27,0,0.0,0.000,47.5,22.1,0.000,-1,0,NaN,0,0,0,0,51.493679,-2.215966,190.0,184.8,0.0,1011526824000.0,20.3,0,,DEMO,RECONNECTING,0,0,90.0,0.0,1
1570599568163,33,0,23.54,0.00,0.00,12.27,0,0.0,0.000,47.5,22.1,0.000,-1,0,NaN,0,0,0,0,51.493679,-2.215966,190.0,184.8,0.0,1011526824000.0,20.3,0,,DEMO,RECONNECTING,0,0,90.0,0.0,1
1570599568423,33,0,23.54,0.00,0.00,12.27,0,0.0,0.000,47.5,22.1,0.000,-1,0,NaN,0,0,0,0,51.493679,-2.215966,183.6,98.3,0.0,1011526826000.0,18.7,0,,DEMO,RECONNECTING,0,0,-89.9,0.0,1
1570599568696,33,0,23.54,0.00,0.00,12.27,0,0.0,0.000,47.5,22.1,0.000,-1,0,NaN,0,0,0,0,51.493679,-2.215966,183.6,98.3,0.0,1011526826000.0,18.7,0,,DEMO,RECONNECTING,0,0,-89.9,0.0,1
1570599568959,33,0,23.54,0.00,0.00,12.27,0,0.0,0.000,47.5,22.1,0.000,-1,0,NaN,0,0,0,0,51.493679,-2.215966,183.6,98.3,0.0,1011526826000.0,18.7,0,,DEMO,RECONNECTING,0,0,-89.9,0.0,1
1570599569221,33,0,23.54,0.00,0.00,12.27,0,0.0,0.000,47.5,22.1,0.000,-1,0,NaN,0,0,0,0,51.493679,-2.215966,183.6,98.3,0.0,1011526826000.0,18.7,0,,DEMO,DISCONNECTED,0,0,-89.9,0.0,1
1570599569474,33,0,23.54,0.00,0.00,12.27,0,0.0,0.000,47.5,22.1,0.000,-1,0,NaN,0,0,0,0,51.493679,-2.215966,183.6,98.3,0.0,1011526826000.0,18.7,0,,DEMO,DISCONNECTED,0,0,-89.9,0.0,1
1570599569731,33,0,23.54,0.00,0.00,12.27,0,0.0,0.000,47.5,22.1,0.000,-1,0,NaN,0,0,0,0,51.493679,-2.215966,183.6,98.3,0.0,1011526826000.0,18.7,0,,DEMO,DISCONNECTED,0,0,-89.9,0.0,1
1570599569987,33,0,23.54,0.00,0.00,12.27,0,0.0,0.000,47.5,22.1,0.000,-1,0,NaN,0,0,0,0,51.493679,-2.215966,183.6,98.3,0.0,1011526826000.0,18.7,0,,DEMO,DISCONNECTED,0,0,-89.9,0.0,1
1570599570240,33,0,23.54,0.00,0.00,12.27,0,0.0,0.000,47.5,22.1,0.000,-1,0,NaN,0,0,0,0,51.493679,-2.215966,186.4,154.6,0.0,1011526828000.0,15.3,0,,DEMO,DISCONNECTED,0,0,89.8,0.0,1
1570599570492,33,0,23.54,0.00,0.00,12.27,0,0.0,0.000,47.5,22.1,0.000,-1,0,NaN,0,0,0,0,51.493679,-2.215966,186.4,154.6,0.0,1011526828000.0,15.3,0,,DEMO,DISCONNECTED,0,0,89.8,0.0,1
1570599570750,33,0,23.54,0.00,0.00,12.27,0,0.0,0.000,47.5,22.1,0.000,-1,0,NaN,0,0,0,0,51.493679,-2.215966,186.4,154.6,0.0,1011526828000.0,15.3,0,,DEMO,DISCONNECTED,0,0,89.8,0.0,1
1570599571011,33,0,23.54,0.00,0.00,12.27,0,0.0,0.000,47.5,22.1,0.000,-1,0,NaN,0,0,0,0,51.493679,-2.215966,186.4,154.6,0.0,1011526828000.0,15.3,0,,DEMO,DISCONNECTED,0,0,89.8,0.0,1
1570599571273,33,0,23.54,0.00,0.00,12.27,0,0.0,0.000,47.5,22.1,0.000,-1,0,NaN,0,0,0,0,51.493679,-2.215966,186.4,154.6,0.0,1011526828000.0,15.3,0,,DEMO,RECONNECTING,0,0,89.8,0.0,1
1570599571533,33,0,23.54,0.00,0.00,12.27,0,0.0,0.000,47.5,22.1,0.000,-1,0,NaN,0,0,0,0,51.493679,-2.215966,186.4,154.6,0.0,1011526828000.0,15.3,0,,DEMO,RECONNECTING,0,0,89.8,0.0,1
1570599571796,33,0,23.54,0.00,0.00,12.27,0,0.0,0.000,47.5,22.1,0.000,-1,0,NaN,0,0,0,0,51.493679,-2.215966,186.4,154.6,0.0,1011526828000.0,15.3,0,,DEMO,RECONNECTING,0,0,89.8,0.0,1
1570599572063,33,0,23.54,0.00,0.00,12.27,0,0.0,0.000,47.5,22.1,0.000,-1,0,NaN,0,0,0,0,51.493679,-2.215966,186.4,154.6,0.0,1011526828000.0,15.3,0,,DEMO,RECONNECTING,0,0,89.8,0.0,1
1570599572331,33,0,23.54,0.00,0.00,12.27,0,0.0,0.000,47.5,22.1,0.000,-1,0,NaN,0,0,0,0,51.493679,-2.215966,179.8,162.7,0.0,1011526830000.0,13.3,0,,DEMO,RECONNECTING,0,0,-90.0,0.0,1
1570599572591,33,0,23.54,0.00,0.00,12.27,0,0.0,0.000,47.5,22.1,0.000,-1,0,NaN,0,0,0,0,51.493679,-2.215966,179.8,162.7,0.0,1011526830000.0,13.3,0,,DEMO,RECONNECTING,0,0,-90.0,0.0,1
1570599572867,33,0,23.54,0.00,0.00,12.27,0,0.0,0.000,47.5,22.1,0.000,-1,0,NaN,0,0,0,0,51.493679,-2.215966,179.8,162.7,0.0,1011526830000.0,13.3,0,,DEMO,RECONNECTING,0,0,-90.0,0.0,1
1570599573136,33,0,23.54,0.00,0.00,12.27,0,0.0,0.000,47.5,22.1,0.000,-1,0,NaN,0,0,0,0,51.493679,-2.215966,179.8,162.7,0.0,1011526830000.0,13.3,0,,DEMO,RECONNECTING,0,0,-90.0,0.0,1
1570599573398,33,0,23.54,0.00,0.00,12.27,0,0.0,0.000,47.5,22.1,0.000,-1,0,NaN,0,0,0,0,51.493679,-2.215966,179.8,162.7,0.0,1011526830000.0,13.3,0,,DEMO,RECONNECTING,0,0,-90.0,0.0,1
1570599573661,33,0,23.54,0.00,0.00,12.27,0,0.0,0.000,47.5,22.1,0.000,-1,0,NaN,0,0,0,0,51.493679,-2.215966,179.8,162.7,0.0,1011526830000.0,13.3,0,,DEMO,RECONNECTING,0,0,-90.0,0.0,1
1570599573949,33,0,23.54,0.00,0.00,12.27,0,0.0,0.000,47.5,22.1,0.000,-1,0,NaN,0,0,0,0,51.493679,-2.215966,179.8,162.7,0.0,1011526830000.0,13.3,0,,DEMO,RECONNECTING,0,0,-90.0,0.0,1
1570599574201,33,0,23.54,0.00,0.00,12.27,0,0.0,0.000,47.5,22.1,0.000,-1,0,NaN,0,0,0,0,51.493679,-2.215966,181.6,121.2,0.0,1011526832000.0,13.0,0,,DEMO,RECONNECTING,0,0,89.8,0.0,1
1570599574467,33,0,23.54,0.00,0.00,12.27,0,0.0,0.000,47.5,22.1,0.000,-1,0,NaN,0,0,0,0,51.493679,-2.215966,181.6,121.2,0.0,1011526832000.0,13.0,0,,DEMO,RECONNECTING,0,0,89.8,0.0,1
1570599574723,33,0,23.54,0.00,0.00,12.27,0,0.0,0.000,47.5,22.1,0.000,-1,0,NaN,0,0,0,0,51.493679,-2.215966,181.6,121.2,0.0,1011526832000.0,13.0,0,,DEMO,RECONNECTING,0,0,89.8,0.0,1
1570599574987,33,0,23.54,0.00,0.00,12.27,0,0.0,0.000,47.5,22.1,0.000,-1,0,NaN,0,0,0,0,51.493679,-2.215966,181.6,121.2,0.0,1011526832000.0,13.0,0,,DEMO,RECONNECTING,0,0,89.8,0.0,1
1570599575253,33,0,23.54,0.00,0.00,12.27,0,0.0,0.000,47.5,22.1,0.000,-1,0,NaN,0,0,0,0,51.493679,-2.215966,181.6,121.2,0.0,1011526832000.0,13.0,0,,DEMO,RECONNECTING,0,0,89.8,0.0,1
1570599575508,33,0,23.54,0.00,0.00,12.27,0,0.0,0.000,47.5,22.1,0.000,-1,0,NaN,0,0,0,0,51.493679,-2.215966,181.6,121.2,0.0,1011526832000.0,13.0,0,,DEMO,RECONNECTING,0,0,89.8,0.0,1
1570599575760,33,0,23.54,0.00,0.00,12.27,0,0.0,0.000,47.5,22.1,0.000,-1,0,NaN,0,0,0,0,51.493679,-2.215966,181.6,121.2,0.0,1011526832000.0,13.0,0,,DEMO,RECONNECTING,0,0,89.8,0.0,1
1570599576028,33,0,23.54,0.00,0.00,12.27,0,0.0,0.000,47.5,22.1,0.000,-1,0,NaN,0,0,0,0,51.493679,-2.215966,181.6,121.2,0.0,1011526832000.0,13.0,0,,DEMO,RECONNECTING,0,0,89.8,0.0,1
1570599576283,33,0,23.54,0.00,0.00,12.27,0,0.0,0.000,47.5,22.1,0.000,-1,0,NaN,0,0,0,0,51.493679,-2.215966,189.8,201.1,0.0,1011526834000.0,13.0,0,,DEMO,RECONNECTING,0,0,90.0,0.0,1
1570599576549,33,0,23.54,0.00,0.00,12.27,0,0.0,0.000,47.5,22.1,0.000,-1,0,NaN,0,0,0,0,51.493679,-2.215966,189.8,201.1,0.0,1011526834000.0,13.0,0,,DEMO,RECONNECTING,0,0,90.0,0.0,1
1570599576833,33,0,23.54,0.00,0.00,12.27,0,0.0,0.000,47.5,22.1,0.000,-1,0,NaN,0,0,0,0,51.493679,-2.215966,189.8,201.1,0.0,1011526834000.0,13.0,0,,DEMO,RECONNECTING,0,0,90.0,0.0,1
1570599577103,33,0,23.54,0.00,0.00,12.27,0,0.0,0.000,47.5,22.1,0.000,-1,0,NaN,0,0,0,0,51.493679,-2.215966,189.8,201.1,0.0,1011526834000.0,13.0,0,,DEMO,RECONNECTING,0,0,90.0,0.0,1
1570599577363,33,0,23.54,0.00,0.00,12.27,0,0.0,0.000,47.5,22.1,0.000,-1,0,NaN,0,0,0,0,51.493679,-2.215966,189.8,201.1,0.0,1011526834000.0,13.0,0,,DEMO,RECONNECTING,0,0,90.0,0.0,1
1570599577626,33,0,23.54,0.00,0.00,12.27,0,0.0,0.000,47.5,22.1,0.000,-1,0,NaN,0,0,0,0,51.493679,-2.215966,189.8,201.1,0.0,1011526834000.0,13.0,0,,DEMO,DISCONNECTED,0,0,90.0,0.0,1
1570599577879,33,0,23.54,0.00,0.00,12.27,0,0.0,0.000,47.5,22.1,0.000,-1,0,NaN,0,0,0,0,51.493679,-2.215966,189.8,201.1,0.0,1011526834000.0,13.0,0,,DEMO,DISCONNECTED,0,0,90.0,0.0,1
1570599578135,33,0,23.54,0.00,0.00,12.27,0,0.0,0.000,47.5,22.1,0.000,-1,0,NaN,0,0,0,0,51.493679,-2.215966,189.8,201.1,0.0,1011526834000.0,13.0,0,,DEMO,DISCONNECTED,0,0,90.0,0.0,1
1570599578392,33,0,23.54,0.00,0.00,12.27,0,0.0,0.000,47.5,22.1,0.000,-1,0,NaN,0,0,0,0,51.493679,-2.215966,183.3,94.6,0.0,1011526836000.0,13.3,0,,DEMO,DISCONNECTED,0,0,-89.9,0.0,1
1570599578645,33,0,23.54,0.00,0.00,12.27,0,0.0,0.000,47.5,22.1,0.000,-1,0,NaN,0,0,0,0,51.493679,-2.215966,183.3,94.6,0.0,1011526836000.0,13.3,0,,DEMO,DISCONNECTED,0,0,-89.9,0.0,1
1570599578905,33,0,23.54,0.00,0.00,12.27,0,0.0,0.000,47.5,22.1,0.000,-1,0,NaN,0,0,0,0,51.493679,-2.215966,183.3,94.6,0.0,1011526836000.0,13.3,0,,DEMO,DISCONNECTED,0,0,-89.9,0.0,1
1570599579162,33,0,23.54,0.00,0.00,12.27,0,0.0,0.000,47.5,22.1,0.000,-1,0,NaN,0,0,0,0,51.493679,-2.215966,183.3,94.6,0.0,1011526836000.0,13.3,0,,DEMO,DISCONNECTED,0,0,-89.9,0.0,1
1570599579428,33,0,23.54,0.00,0.00,12.27,0,0.0,0.000,47.5,22.1,0.000,-1,0,NaN,0,0,0,0,51.493679,-2.215966,183.3,94.6,0.0,1011526836000.0,13.3,0,,DEMO,DISCONNECTED,0,0,-89.9,0.0,1
1570599579682,33,0,23.54,0.00,0.00,12.27,0,0.0,0.000,47.5,22.1,0.000,-1,0,NaN,0,0,0,0,51.493679,-2.215966,183.3,94.6,0.0,1011526836000.0,13.3,0,,DEMO,RECONNECTING,0,0,-89.9,0.0,1
1570599579941,33,0,23.54,0.00,0.00,12.27,0,0.0,0.000,47.5,22.1,0.000,-1,0,NaN,0,0,0,0,51.493679,-2.215966,183.3,94.6,0.0,1011526836000.0,13.3,0,,DEMO,RECONNECTING,0,0,-89.9,0.0,1
1570599580194,33,0,23.54,0.00,0.00,12.27,0,0.0,0.000,47.5,22.1,0.000,-1,0,NaN,0,0,0,0,51.493679,-2.215966,182.8,85.6,0.0,1011526838000.0,13.3,0,,DEMO,RECONNECTING,0,0,-90.0,0.0,1
1570599580461,33,0,23.54,0.00,0.00,12.27,0,0.0,0.000,47.5,22.1,0.000,-1,0,NaN,0,0,0,0,51.493679,-2.215966,182.8,85.6,0.0,1011526838000.0,13.3,0,,DEMO,RECONNECTING,0,0,-90.0,0.0,1
1570599580720,33,0,23.54,0.00,0.00,12.27,0,0.0,0.000,47.5,22.1,0.000,-1,0,NaN,0,0,0,0,51.493679,-2.215966,182.8,85.6,0.0,1011526838000.0,13.3,0,,DEMO,RECONNECTING,0,0,-90.0,0.0,1
1570599580979,33,0,23.54,0.00,0.00,12.27,0,0.0,0.000,47.5,22.1,0.000,-1,0,NaN,0,0,0,0,51.493679,-2.215966,182.8,85.6,0.0,1011526838000.0,13.3,0,,DEMO,RECONNECTING,0,0,-90.0,0.0,1
1570599581241,33,0,23.54,0.00,0.00,12.27,0,0.0,0.000,47.5,22.1,0.000,-1,0,NaN,0,0,0,0,51.493679,-2.215966,182.8,85.6,0.0,1011526838000.0,13.3,0,,DEMO,RECONNECTING,0,0,-90.0,0.0,1
1570599581495,33,0,23.54,0.00,0.00,12.27,0,0.0,0.000,47.5,22.1,0.000,-1,0,NaN,0,0,0,0,51.493679,-2.215966,182.8,85.6,0.0,1011526838000.0,13.3,0,,DEMO,RECONNECTING,0,0,-90.0,0.0,1
1570599581758,33,0,23.54,0.00,0.00,12.27,0,0.0,0.000,47.5,22.1,0.000,-1,0,NaN,0,0,0,0,51.493679,-2.215966,182.8,85.6,0.0,1011526838000.0,13.3,0,,DEMO,RECONNECTING,0,0,-90.0,0.0,1
1570599582028,33,0,23.54,0.00,0.00,12.27,0,0.0,0.000,47.5,22.1,0.000,-1,0,NaN,0,0,0,0,51.493679,-2.215966,182.8,85.6,0.0,1011526838000.0,13.3,0,,DEMO,RECONNECTING,0,0,-90.0,0.0,1
1570599582281,33,0,23.54,0.00,0.00,12.27,0,0.0,0.000,47.5,22.1,0.000,-1,0,NaN,0,0,0,0,51.493679,-2.215966,186.0,81.4,0.0,1011526840000.0,13.0,0,,DEMO,RECONNECTING,0,0,90.0,0.0,1
1570599582546,33,0,23.54,0.00,0.00,12.27,0,0.0,0.000,47.5,22.1,0.000,-1,0,NaN,0,0,0,0,51.493679,-2.215966,186.0,81.4,0.0,1011526840000.0,13.0,0,,DEMO,RECONNECTING,0,0,90.0,0.0,1
1570599582820,33,0,23.54,0.00,0.00,12.27,0,0.0,0.000,47.5,22.1,0.000,-1,0,NaN,0,0,0,0,51.493679,-2.215966,186.0,81.4,0.0,1011526840000.0,13.0,0,,DEMO,RECONNECTING,0,0,90.0,0.0,1
1570599583094,33,0,23.54,0.00,0.00,12.27,0,0.0,0.000,47.5,22.1,0.000,-1,0,NaN,0,0,0,0,51.493679,-2.215966,186.0,81.4,0.0,1011526840000.0,13.0,0,,DEMO,RECONNECTING,0,0,90.0,0.0,1
1570599583359,33,0,23.54,0.00,0.00,12.27,0,0.0,0.000,47.5,22.1,0.000,-1,0,NaN,0,0,0,0,51.493679,-2.215966,186.0,81.4,0.0,1011526840000.0,13.0,0,,DEMO,RECONNECTING,0,0,90.0,0.0,1
1570599583618,33,0,23.54,0.00,0.00,12.27,0,0.0,0.000,47.5,22.1,0.000,-1,0,NaN,0,0,0,0,51.493679,-2.215966,186.0,81.4,0.0,1011526840000.0,13.0,0,,DEMO,RECONNECTING,0,0,90.0,0.0,1
1570599583886,33,0,23.54,0.00,0.00,12.27,0,0.0,0.000,47.5,22.1,0.000,-1,0,NaN,0,0,0,0,51.493679,-2.215966,186.0,81.4,0.0,1011526840000.0,13.0,0,,DEMO,RECONNECTING,0,0,90.0,0.0,1
1570599584141,33,0,23.54,0.00,0.00,12.27,0,0.0,0.000,47.5,22.1,0.000,-1,0,NaN,0,0,0,0,51.493679,-2.215966,186.0,81.4,0.0,1011526840000.0,13.0,0,,DEMO,RECONNECTING,0,0,90.0,0.0,1
1570599584406,33,0,23.54,0.00,0.00,12.27,0,0.0,0.000,47.5,22.1,0.000,-1,0,NaN,0,0,0,0,51.493679,-2.215966,186.8,88.6,0.0,1011526842000.0,12.3,0,,DEMO,RECONNECTING,0,0,89.5,0.0,1
1570599584664,33,0,23.54,0.00,0.00,12.27,0,0.0,0.000,47.5,22.1,0.000,-1,0,NaN,0,0,0,0,51.493679,-2.215966,186.8,88.6,0.0,1011526842000.0,12.3,0,,DEMO,RECONNECTING,0,0,89.5,0.0,1
1570599584931,33,0,23.54,0.00,0.00,12.27,0,0.0,0.000,47.5,22.1,0.000,-1,0,NaN,0,0,0,0,51.493679,-2.215966,186.8,88.6,0.0,1011526842000.0,12.3,0,,DEMO,RECONNECTING,0,0,89.5,0.0,1
1570599585191,33,0,23.54,0.00,0.00,12.27,0,0.0,0.000,47.5,22.1,0.000,-1,0,NaN,0,0,0,0,51.493679,-2.215966,186.8,88.6,0.0,1011526842000.0,12.3,0,,DEMO,RECONNECTING,0,0,89.5,0.0,1
1570599585458,33,0,23.54,0.00,0.00,12.27,0,0.0,0.000,47.5,22.1,0.000,-1,0,NaN,0,0,0,0,51.493679,-2.215966,186.8,88.6,0.0,1011526842000.0,12.3,0,,DEMO,RECONNECTING,0,0,89.5,0.0,1
1570599585711,33,0,23.54,0.00,0.00,12.27,0,0.0,0.000,47.5,22.1,0.000,-1,0,NaN,0,0,0,0,51.493679,-2.215966,186.8,88.6,0.0,1011526842000.0,12.3,0,,DEMO,RECONNECTING,0,0,89.5,0.0,1
1570599585963,33,0,23.54,0.00,0.00,12.27,0,0.0,0.000,47.5,22.1,0.000,-1,0,NaN,0,0,0,0,51.493679,-2.215966,186.8,88.6,0.0,1011526842000.0,12.3,0,,DEMO,RECONNECTING,0,0,89.5,0.0,1
1570599586215,33,0,23.54,0.00,0.00,12.27,0,0.0,0.000,47.5,22.1,0.000,-1,0,NaN,0,0,0,0,51.493678,-2.215966,182.2,153.3,0.0,1011526844000.0,11.7,0,,DEMO,DISCONNECTED,0,0,-89.9,0.0,1
1570599586467,33,0,23.54,0.00,0.00,12.27,0,0.0,0.000,47.5,22.1,0.000,-1,0,NaN,0,0,0,0,51.493678,-2.215966,182.2,153.3,0.0,1011526844000.0,11.7,0,,DEMO,DISCONNECTED,0,0,-89.9,0.0,1
1570599586729,33,0,23.54,0.00,0.00,12.27,0,0.0,0.000,47.5,22.1,0.000,-1,0,NaN,0,0,0,0,51.493678,-2.215966,182.2,153.3,0.0,1011526844000.0,11.7,0,,DEMO,DISCONNECTED,0,0,-89.9,0.0,1
1570599586981,33,0,23.54,0.00,0.00,12.27,0,0.0,0.000,47.5,22.1,0.000,-1,0,NaN,0,0,0,0,51.493678,-2.215966,182.2,153.3,0.0,1011526844000.0,11.7,0,,DEMO,DISCONNECTED,0,0,-89.9,0.0,1
1570599587234,33,0,23.54,0.00,0.00,12.27,0,0.0,0.000,47.5,22.1,0.000,-1,0,NaN,0,0,0,0,51.493678,-2.215966,182.2,153.3,0.0,1011526844000.0,11.7,0,,DEMO,DISCONNECTED,0,0,-89.9,0.0,1
1570599587486,33,0,23.54,0.00,0.00,12.27,0,0.0,0.000,47.5,22.1,0.000,-1,0,NaN,0,0,0,0,51.493678,-2.215966,182.2,153.3,0.0,1011526844000.0,11.7,0,,DEMO,DISCONNECTED,0,0,-89.9,0.0,1
1570599587743,33,0,23.54,0.00,0.00,12.27,0,0.0,0.000,47.5,22.1,0.000,-1,0,NaN,0,0,0,0,51.493678,-2.215966,182.2,153.3,0.0,1011526844000.0,11.7,0,,DEMO,DISCONNECTED,0,0,-89.9,0.0,1
1570599587996,33,0,23.54,0.00,0.00,12.27,0,0.0,0.000,47.5,22.1,0.000,-1,0,NaN,0,0,0,0,51.493678,-2.215966,182.2,153.3,0.0,1011526844000.0,11.7,0,,DEMO,DISCONNECTED,0,0,-89.9,0.0,1
1570599588252,33,0,23.54,0.00,0.00,12.27,0,0.0,0.000,47.5,22.1,0.000,-1,0,NaN,0,0,0,0,51.493678,-2.215966,189.5,162.9,0.0,1011526846000.0,11.3,0,,DEMO,RECONNECTING,0,0,90.0,0.0,1
1570599588509,33,0,23.54,0.00,0.00,12.27,0,0.0,0.000,47.5,22.1,0.000,-1,0,NaN,0,0,0,0,51.493678,-2.215966,189.5,162.9,0.0,1011526846000.0,11.3,0,,DEMO,RECONNECTING,0,0,90.0,0.0,1
1570599588771,33,0,23.54,0.00,0.00,12.27,0,0.0,0.000,47.5,22.1,0.000,-1,0,NaN,0,0,0,0,51.493678,-2.215966,189.5,162.9,0.0,1011526846000.0,11.3,0,,DEMO,RECONNECTING,0,0,90.0,0.0,1
1570599589041,33,0,23.54,0.00,0.00,12.27,0,0.0,0.000,47.5,22.1,0.000,-1,0,NaN,0,0,0,0,51.493678,-2.215966,189.5,162.9,0.0,1011526846000.0,11.3,0,,DEMO,RECONNECTING,0,0,90.0,0.0,1
1570599589316,33,0,23.54,0.00,0.00,12.27,0,0.0,0.000,47.5,22.1,0.000,-1,0,NaN,0,0,0,0,51.493678,-2.215966,189.5,162.9,0.0,1011526846000.0,11.3,0,,DEMO,RECONNECTING,0,0,90.0,0.0,1
1570599589575,33,0,23.54,0.00,0.00,12.27,0,0.0,0.000,47.5,22.1,0.000,-1,0,NaN,0,0,0,0,51.493678,-2.215966,189.5,162.9,0.0,1011526846000.0,11.3,0,,DEMO,RECONNECTING,0,0,90.0,0.0,1
1570599589869,33,0,23.54,0.00,0.00,12.27,0,0.0,0.000,47.5,22.1,0.000,-1,0,NaN,0,0,0,0,51.493678,-2.215966,189.5,162.9,0.0,1011526846000.0,11.3,0,,DEMO,RECONNECTING,0,0,90.0,0.0,1
1570599590142,33,0,23.54,0.00,0.00,12.27,0,0.0,0.000,47.5,22.1,0.000,-1,0,NaN,0,0,0,0,51.493678,-2.215966,189.5,162.9,0.0,1011526846000.0,11.3,0,,DEMO,RECONNECTING,0,0,90.0,0.0,1
1570599590411,33,0,23.54,0.00,0.00,12.27,0,0.0,0.000,47.5,22.1,0.000,-1,0,NaN,0,0,0,0,51.493679,-2.215966,187.4,6.1,0.0,1011526848000.0,11.0,0,,DEMO,RECONNECTING,0,0,-89.7,0.0,1
1570599590671,33,0,23.54,0.00,0.00,12.27,0,0.0,0.000,47.5,22.1,0.000,-1,0,NaN,0,0,0,0,51.493679,-2.215966,187.4,6.1,0.0,1011526848000.0,11.0,0,,DEMO,RECONNECTING,0,0,-89.7,0.0,1
1570599590957,33,0,23.54,0.00,0.00,12.27,0,0.0,0.000,47.5,22.1,0.000,-1,0,NaN,0,0,0,0,51.493679,-2.215966,187.4,6.1,0.0,1011526848000.0,11.0,0,,DEMO,RECONNECTING,0,0,-89.7,0.0,1
1570599591209,33,0,23.54,0.00,0.00,12.27,0,0.0,0.000,47.5,22.1,0.000,-1,0,NaN,0,0,0,0,51.493679,-2.215966,187.4,6.1,0.0,1011526848000.0,11.0,0,,DEMO,RECONNECTING,0,0,-89.7,0.0,1
1570599591464,33,0,23.54,0.00,0.00,12.27,0,0.0,0.000,47.5,22.1,0.000,-1,0,NaN,0,0,0,0,51.493679,-2.215966,187.4,6.1,0.0,1011526848000.0,11.0,0,,DEMO,RECONNECTING,0,0,-89.7,0.0,1
1570599591736,33,0,23.54,0.00,0.00,12.27,0,0.0,0.000,47.5,22.1,0.000,-1,0,NaN,0,0,0,0,51.493679,-2.215966,187.4,6.1,0.0,1011526848000.0,11.0,0,,DEMO,RECONNECTING,0,0,-89.7,0.0,1
1570599592001,33,0,23.54,0.00,0.00,12.27,0,0.0,0.000,47.5,22.1,0.000,-1,0,NaN,0,0,0,0,51.493679,-2.215966,187.4,6.1,0.0,1011526848000.0,11.0,0,,DEMO,RECONNECTING,0,0,-89.7,0.0,1
1570599592260,33,0,23.54,0.00,0.00,12.27,0,0.0,0.000,47.5,22.1,0.000,-1,0,NaN,0,0,0,0,51.493679,-2.215966,185.2,359.7,0.0,1011526850000.0,11.0,0,,DEMO,RECONNECTING,0,0,-90.0,0.0,1
1570599592512,33,0,23.54,0.00,0.00,12.27,0,0.0,0.000,47.5,22.1,0.000,-1,0,NaN,0,0,0,0,51.493679,-2.215966,185.2,359.7,0.0,1011526850000.0,11.0,0,,DEMO,RECONNECTING,0,0,-90.0,0.0,1
1570599592774,33,0,23.54,0.00,0.00,12.27,0,0.0,0.000,47.5,22.1,0.000,-1,0,NaN,0,0,0,0,51.493679,-2.215966,185.2,359.7,0.0,1011526850000.0,11.0,0,,DEMO,RECONNECTING,0,0,-90.0,0.0,1
1570599593027,33,0,23.54,0.00,0.00,12.27,0,0.0,0.000,47.5,22.1,0.000,-1,0,NaN,0,0,0,0,51.493679,-2.215966,185.2,359.7,0.0,1011526850000.0,11.0,0,,DEMO,RECONNECTING,0,0,-90.0,0.0,1
1570599593286,33,0,23.54,0.00,0.00,12.27,0,0.0,0.000,47.5,22.1,0.000,-1,0,NaN,0,0,0,0,51.493679,-2.215966,185.2,359.7,0.0,1011526850000.0,11.0,0,,DEMO,RECONNECTING,0,0,-90.0,0.0,1
1570599593540,33,0,23.54,0.00,0.00,12.27,0,0.0,0.000,47.5,22.1,0.000,-1,0,NaN,0,0,0,0,51.493679,-2.215966,185.2,359.7,0.0,1011526850000.0,11.0,0,,DEMO,RECONNECTING,0,0,-90.0,0.0,1
1570599593802,33,0,23.54,0.00,0.00,12.27,0,0.0,0.000,47.5,22.1,0.000,-1,0,NaN,0,0,0,0,51.493679,-2.215966,185.2,359.7,0.0,1011526850000.0,11.0,0,,DEMO,RECONNECTING,0,0,-90.0,0.0,1
1570599594062,33,0,23.54,0.00,0.00,12.27,0,0.0,0.000,47.5,22.1,0.000,-1,0,NaN,0,0,0,0,51.493679,-2.215966,185.2,359.7,0.0,1011526850000.0,11.0,0,,DEMO,RECONNECTING,0,0,-90.0,0.0,1
1570599594340,33,0,23.54,0.00,0.00,12.27,0,0.0,0.000,47.5,22.1,0.000,-1,0,NaN,0,0,0,0,51.493679,-2.215966,183.8,357.2,0.0,1011526852000.0,11.0,0,,DEMO,RECONNECTING,0,0,-90.0,0.0,1
1570599594593,33,0,23.54,0.00,0.00,12.27,0,0.0,0.000,47.5,22.1,0.000,-1,0,NaN,0,0,0,0,51.493679,-2.215966,183.8,357.2,0.0,1011526852000.0,11.0,0,,DEMO,DISCONNECTED,0,0,-90.0,0.0,1
1570599594849,33,0,23.54,0.00,0.00,12.27,0,0.0,0.000,47.5,22.1,0.000,-1,0,NaN,0,0,0,0,51.493679,-2.215966,183.8,357.2,0.0,1011526852000.0,11.0,0,,DEMO,DISCONNECTED,0,0,-90.0,0.0,1
1570599595106,33,0,23.54,0.00,0.00,12.27,0,0.0,0.000,47.5,22.1,0.000,-1,0,NaN,0,0,0,0,51.493679,-2.215966,183.8,357.2,0.0,1011526852000.0,11.0,0,,DEMO,DISCONNECTED,0,0,-90.0,0.0,1
1570599595362,33,0,23.54,0.00,0.00,12.27,0,0.0,0.000,47.5,22.1,0.000,-1,0,NaN,0,0,0,0,51.493679,-2.215966,183.8,357.2,0.0,1011526852000.0,11.0,0,,DEMO,DISCONNECTED,0,0,-90.0,0.0,1
1570599595616,33,0,23.54,0.00,0.00,12.27,0,0.0,0.000,47.5,22.1,0.000,-1,0,NaN,0,0,0,0,51.493679,-2.215966,183.8,357.2,0.0,1011526852000.0,11.0,0,,DEMO,DISCONNECTED,0,0,-90.0,0.0,1
1570599595873,33,0,23.54,0.00,0.00,12.27,0,0.0,0.000,47.5,22.1,0.000,-1,0,NaN,0,0,0,0,51.493679,-2.215966,183.8,357.2,0.0,1011526852000.0,11.0,0,,DEMO,DISCONNECTED,0,0,-90.0,0.0,1
1570599596139,33,0,23.54,0.00,0.00,12.27,0,0.0,0.000,47.5,22.1,0.000,-1,0,NaN,0,0,0,0,51.493678,-2.215966,185.1,216.7,0.0,1011526854000.0,11.0,0,,DEMO,DISCONNECTED,0,0,89.4,0.0,1
1570599596394,33,0,23.54,0.00,0.00,12.27,0,0.0,0.000,47.5,22.1,0.000,-1,0,NaN,0,0,0,0,51.493678,-2.215966,185.1,216.7,0.0,1011526854000.0,11.0,0,,DEMO,DISCONNECTED,0,0,89.4,0.0,1
1570599596652,33,0,23.54,0.00,0.00,12.27,0,0.0,0.000,47.5,22.1,0.000,-1,0,NaN,0,0,0,0,51.493678,-2.215966,185.1,216.7,0.0,1011526854000.0,11.0,0,,DEMO,RECONNECTING,0,0,89.4,0.0,1
1570599596928,33,0,23.54,0.00,0.00,12.27,0,0.0,0.000,47.5,22.1,0.000,-1,0,NaN,0,0,0,0,51.493678,-2.215966,185.1,216.7,0.0,1011526854000.0,11.0,0,,DEMO,RECONNECTING,0,0,89.4,0.0,1
1570599597195,33,0,23.54,0.00,0.00,12.27,0,0.0,0.000,47.5,22.1,0.000,-1,0,NaN,0,0,0,0,51.493678,-2.215966,185.1,216.7,0.0,1011526854000.0,11.0,0,,DEMO,RECONNECTING,0,0,89.4,0.0,1
1570599597453,33,0,23.54,0.00,0.00,12.27,0,0.0,0.000,47.5,22.1,0.000,-1,0,NaN,0,0,0,0,51.493678,-2.215966,185.1,216.7,0.0,1011526854000.0,11.0,0,,DEMO,RECONNECTING,0,0,89.4,0.0,1
1570599597708,33,0,23.54,0.00,0.00,12.27,0,0.0,0.000,47.5,22.1,0.000,-1,0,NaN,0,0,0,0,51.493678,-2.215966,185.1,216.7,0.0,1011526854000.0,11.0,0,,DEMO,RECONNECTING,0,0,89.4,0.0,1
1570599597971,33,0,23.54,0.00,0.00,12.27,0,0.0,0.000,47.5,22.1,0.000,-1,0,NaN,0,0,0,0,51.493678,-2.215966,185.1,216.7,0.0,1011526854000.0,11.0,0,,DEMO,RECONNECTING,0,0,89.4,0.0,1
1570599598224,33,0,23.54,0.00,0.00,12.27,0,0.0,0.000,47.5,22.1,0.000,-1,0,NaN,0,0,0,0,51.493678,-2.215966,183.8,170.9,0.0,1011526856000.0,11.0,0,,DEMO,RECONNECTING,0,0,-89.7,0.0,1
1570599598476,33,0,23.54,0.00,0.00,12.27,0,0.0,0.000,47.5,22.1,0.000,-1,0,NaN,0,0,0,0,51.493678,-2.215966,183.8,170.9,0.0,1011526856000.0,11.0,0,,DEMO,RECONNECTING,0,0,-89.7,0.0,1
1570599598748,33,0,23.54,0.00,0.00,12.27,0,0.0,0.000,47.5,22.1,0.000,-1,0,NaN,0,0,0,0,51.493678,-2.215966,183.8,170.9,0.0,1011526856000.0,11.0,0,,DEMO,RECONNECTING,0,0,-89.7,0.0,1
1570599599025,33,0,23.54,0.00,0.00,12.27,0,0.0,0.000,47.5,22.1,0.000,-1,0,NaN,0,0,0,0,51.493678,-2.215966,183.8,170.9,0.0,1011526856000.0,11.0,0,,DEMO,RECONNECTING,0,0,-89.7,0.0,1
1570599599284,33,0,23.54,0.00,0.00,12.27,0,0.0,0.000,47.5,22.1,0.000,-1,0,NaN,0,0,0,0,51.493678,-2.215966,183.8,170.9,0.0,1011526856000.0,11.0,0,,DEMO,RECONNECTING,0,0,-89.7,0.0,1
1570599599551,33,0,23.54,0.00,0.00,12.27,0,0.0,0.000,47.5,22.1,0.000,-1,0,NaN,0,0,0,0,51.493678,-2.215966,183.8,170.9,0.0,1011526856000.0,11.0,0,,DEMO,RECONNECTING,0,0,-89.7,0.0,1
1570599599812,33,0,23.54,0.00,0.00,12.27,0,0.0,0.000,47.5,22.1,0.000,-1,0,NaN,0,0,0,0,51.493678,-2.215966,183.8,170.9,0.0,1011526856000.0,11.0,0,,DEMO,RECONNECTING,0,0,-89.7,0.0,1
1570599600076,33,0,23.54,0.00,0.00,12.27,0,0.0,0.000,47.5,22.1,0.000,-1,0,NaN,0,0,0,0,51.493678,-2.215966,183.8,170.9,0.0,1011526856000.0,11.0,0,,DEMO,RECONNECTING,0,0,-89.7,0.0,1
1570599600333,33,0,23.54,0.00,0.00,12.27,0,0.0,0.000,47.5,22.1,0.000,-1,0,NaN,0,0,0,0,51.493678,-2.215966,186.8,147.8,0.0,1011526858000.0,10.7,0,,DEMO,RECONNECTING,0,0,89.7,0.0,1
1570599600592,33,0,23.54,0.00,0.00,12.27,0,0.0,0.000,47.5,22.1,0.000,-1,0,NaN,0,0,0,0,51.493678,-2.215966,186.8,147.8,0.0,1011526858000.0,10.7,0,,DEMO,RECONNECTING,0,0,89.7,0.0,1
1570599600857,33,0,23.54,0.00,0.00,12.27,0,0.0,0.000,47.5,22.1,0.000,-1,0,NaN,0,0,0,0,51.493678,-2.215966,186.8,147.8,0.0,1011526858000.0,10.7,0,,DEMO,RECONNECTING,0,0,89.7,0.0,1
1570599601121,33,0,23.54,0.00,0.00,12.27,0,0.0,0.000,47.5,22.1,0.000,-1,0,NaN,0,0,0,0,51.493678,-2.215966,186.8,147.8,0.0,1011526858000.0,10.7,0,,DEMO,RECONNECTING,0,0,89.7,0.0,1
1570599601374,33,0,23.54,0.00,0.00,12.27,0,0.0,0.000,47.5,22.1,0.000,-1,0,NaN,0,0,0,0,51.493678,-2.215966,186.8,147.8,0.0,1011526858000.0,10.7,0,,DEMO,RECONNECTING,0,0,89.7,0.0,1
1570599601632,33,0,23.54,0.00,0.00,12.27,0,0.0,0.000,47.5,22.1,0.000,-1,0,NaN,0,0,0,0,51.493678,-2.215966,186.8,147.8,0.0,1011526858000.0,10.7,0,,DEMO,RECONNECTING,0,0,89.7,0.0,1
1570599601888,33,0,23.54,0.00,0.00,12.27,0,0.0,0.000,47.5,22.1,0.000,-1,0,NaN,0,0,0,0,51.493678,-2.215966,186.8,147.8,0.0,1011526858000.0,10.7,0,,DEMO,RECONNECTING,0,0,89.7,0.0,1
1570599602142,33,0,23.54,0.00,0.00,12.27,0,0.0,0.000,47.5,22.1,0.000,-1,0,NaN,0,0,0,0,51.493678,-2.215966,186.8,147.8,0.0,1011526858000.0,10.7,0,,DEMO,RECONNECTING,0,0,89.7,0.0,1
1570599602406,33,0,23.54,0.00,0.00,12.27,0,0.0,0.000,47.5,22.1,0.000,-1,0,NaN,0,0,0,0,51.493678,-2.215966,180.3,144.6,0.0,1011526860000.0,10.7,0,,DEMO,RECONNECTING,0,0,-90.0,0.0,1
1570599602659,33,0,23.54,0.00,0.00,12.27,0,0.0,0.000,47.5,22.1,0.000,-1,0,NaN,0,0,0,0,51.493678,-2.215966,180.3,144.6,0.0,1011526860000.0,10.7,0,,DEMO,RECONNECTING,0,0,-90.0,0.0,1
1570599602946,33,0,23.54,0.00,0.00,12.27,0,0.0,0.000,47.5,22.1,0.000,-1,0,NaN,0,0,0,0,51.493678,-2.215966,180.3,144.6,0.0,1011526860000.0,10.7,0,,DEMO,DISCONNECTED,0,0,-90.0,0.0,1
1570599603198,33,0,23.54,0.00,0.00,12.27,0,0.0,0.000,47.5,22.1,0.000,-1,0,NaN,0,0,0,0,51.493678,-2.215966,180.3,144.6,0.0,1011526860000.0,10.7,0,,DEMO,DISCONNECTED,0,0,-90.0,0.0,1
1570599603451,33,0,23.54,0.00,0.00,12.27,0,0.0,0.000,47.5,22.1,0.000,-1,0,NaN,0,0,0,0,51.493678,-2.215966,180.3,144.6,0.0,1011526860000.0,10.7,0,,DEMO,DISCONNECTED,0,0,-90.0,0.0,1
1570599603707,33,0,23.54,0.00,0.00,12.27,0,0.0,0.000,47.5,22.1,0.000,-1,0,NaN,0,0,0,0,51.493678,-2.215966,180.3,144.6,0.0,1011526860000.0,10.7,0,,DEMO,DISCONNECTED,0,0,-90.0,0.0,1
1570599603960,33,0,23.54,0.00,0.00,12.27,0,0.0,0.000,47.5,22.1,0.000,-1,0,NaN,0,0,0,0,51.493678,-2.215966,180.3,144.6,0.0,1011526860000.0,10.7,0,,DEMO,DISCONNECTED,0,0,-90.0,0.0,1
1570599604211,33,0,23.54,0.00,0.00,12.27,0,0.0,0.000,47.5,22.1,0.000,-1,0,NaN,0,0,0,0,51.493678,-2.215966,181.3,146.2,0.0,1011526862000.0,11.0,0,,DEMO,DISCONNECTED,0,0,89.3,0.0,1
1570599604467,33,0,23.54,0.00,0.00,12.27,0,0.0,0.000,47.5,22.1,0.000,-1,0,NaN,0,0,0,0,51.493678,-2.215966,181.3,146.2,0.0,1011526862000.0,11.0,0,,DEMO,DISCONNECTED,0,0,89.3,0.0,1
1570599604725,33,0,23.54,0.00,0.00,12.27,0,0.0,0.000,47.5,22.1,0.000,-1,0,NaN,0,0,0,0,51.493678,-2.215966,181.3,146.2,0.0,1011526862000.0,11.0,0,,DEMO,DISCONNECTED,0,0,89.3,0.0,1
1570599604977,33,0,23.54,0.00,0.00,12.27,0,0.0,0.000,47.5,22.1,0.000,-1,0,NaN,0,0,0,0,51.493678,-2.215966,181.3,146.2,0.0,1011526862000.0,11.0,0,,DEMO,RECONNECTING,0,0,89.3,0.0,1
1570599605236,33,0,23.54,0.00,0.00,12.27,0,0.0,0.000,47.5,22.1,0.000,-1,0,NaN,0,0,0,0,51.493678,-2.215966,181.3,146.2,0.0,1011526862000.0,11.0,0,,DEMO,RECONNECTING,0,0,89.3,0.0,1
1570599605490,33,0,23.54,0.00,0.00,12.27,0,0.0,0.000,47.5,22.1,0.000,-1,0,NaN,0,0,0,0,51.493678,-2.215966,181.3,146.2,0.0,1011526862000.0,11.0,0,,DEMO,RECONNECTING,0,0,89.3,0.0,1
1570599605757,33,0,23.54,0.00,0.00,12.27,0,0.0,0.000,47.5,22.1,0.000,-1,0,NaN,0,0,0,0,51.493678,-2.215966,181.3,146.2,0.0,1011526862000.0,11.0,0,,DEMO,RECONNECTING,0,0,89.3,0.0,1
1570599606027,33,0,23.54,0.00,0.00,12.27,0,0.0,0.000,47.5,22.1,0.000,-1,0,NaN,0,0,0,0,51.493678,-2.215966,181.3,146.2,0.0,1011526862000.0,11.0,0,,DEMO,RECONNECTING,0,0,89.3,0.0,1
1570599606280,33,0,23.54,0.00,0.00,12.27,0,0.0,0.000,47.5,22.1,0.000,-1,0,NaN,0,0,0,0,51.493678,-2.215966,180.4,146.7,0.0,1011526864000.0,11.3,0,,DEMO,RECONNECTING,0,0,-90.0,0.0,1
1570599606538,33,0,23.54,0.00,0.00,12.27,0,0.0,0.000,47.5,22.1,0.000,-1,0,NaN,0,0,0,0,51.493678,-2.215966,180.4,146.7,0.0,1011526864000.0,11.3,0,,DEMO,RECONNECTING,0,0,-90.0,0.0,1
1570599606792,33,0,23.54,0.00,0.00,12.27,0,0.0,0.000,47.5,22.1,0.000,-1,0,NaN,0,0,0,0,51.493678,-2.215966,180.4,146.7,0.0,1011526864000.0,11.3,0,,DEMO,RECONNECTING,0,0,-90.0,0.0,1
1570599607060,33,0,23.54,0.00,0.00,12.27,0,0.0,0.000,47.5,22.1,0.000,-1,0,NaN,0,0,0,0,51.493678,-2.215966,180.4,146.7,0.0,1011526864000.0,11.3,0,,DEMO,RECONNECTING,0,0,-90.0,0.0,1
1570599607329,33,0,23.54,0.00,0.00,12.27,0,0.0,0.000,47.5,22.1,0.000,-1,0,NaN,0,0,0,0,51.493678,-2.215966,180.4,146.7,0.0,1011526864000.0,11.3,0,,DEMO,RECONNECTING,0,0,-90.0,0.0,1
1570599607582,33,0,23.54,0.00,0.00,12.27,0,0.0,0.000,47.5,22.1,0.000,-1,0,NaN,0,0,0,0,51.493678,-2.215966,180.4,146.7,0.0,1011526864000.0,11.3,0,,DEMO,RECONNECTING,0,0,-90.0,0.0,1
1570599607846,33,0,23.54,0.00,0.00,12.27,0,0.0,0.000,47.5,22.1,0.000,-1,0,NaN,0,0,0,0,51.493678,-2.215966,180.4,146.7,0.0,1011526864000.0,11.3,0,,DEMO,RECONNECTING,0,0,-90.0,0.0,1
1570599608113,33,0,23.54,0.00,0.00,12.27,0,0.0,0.000,47.5,22.1,0.000,-1,0,NaN,0,0,0,0,51.493678,-2.215966,180.4,146.7,0.0,1011526864000.0,11.3,0,,DEMO,RECONNECTING,0,0,-90.0,0.0,1
1570599608382,33,0,23.54,0.00,0.00,12.27,0,0.0,0.000,47.5,22.1,0.000,-1,0,NaN,0,0,0,0,51.493678,-2.215966,182.9,147.1,0.0,1011526866000.0,11.3,0,,DEMO,RECONNECTING,0,0,90.0,0.0,1
1570599608636,33,0,23.54,0.00,0.00,12.27,0,0.0,0.000,47.5,22.1,0.000,-1,0,NaN,0,0,0,0,51.493678,-2.215966,182.9,147.1,0.0,1011526866000.0,11.3,0,,DEMO,RECONNECTING,0,0,90.0,0.0,1
1570599608899,33,0,23.54,0.00,0.00,12.27,0,0.0,0.000,47.5,22.1,0.000,-1,0,NaN,0,0,0,0,51.493678,-2.215966,182.9,147.1,0.0,1011526866000.0,11.3,0,,DEMO,RECONNECTING,0,0,90.0,0.0,1
1570599609169,33,0,23.54,0.00,0.00,12.27,0,0.0,0.000,47.5,22.1,0.000,-1,0,NaN,0,0,0,0,51.493678,-2.215966,182.9,147.1,0.0,1011526866000.0,11.3,0,,DEMO,RECONNECTING,0,0,90.0,0.0,1
1570599609448,33,0,23.54,0.00,0.00,12.27,0,0.0,0.000,47.5,22.1,0.000,-1,0,NaN,0,0,0,0,51.493678,-2.215966,182.9,147.1,0.0,1011526866000.0,11.3,0,,DEMO,RECONNECTING,0,0,90.0,0.0,1
1570599609707,33,0,23.54,0.00,0.00,12.27,0,0.0,0.000,47.5,22.1,0.000,-1,0,NaN,0,0,0,0,51.493678,-2.215966,182.9,147.1,0.0,1011526866000.0,11.3,0,,DEMO,RECONNECTING,0,0,90.0,0.0,1
1570599609962,33,0,23.54,0.00,0.00,12.27,0,0.0,0.000,47.5,22.1,0.000,-1,0,NaN,0,0,0,0,51.493678,-2.215966,182.9,147.1,0.0,1011526866000.0,11.3,0,,DEMO,RECONNECTING,0,0,90.0,0.0,1
1570599610214,33,0,23.54,0.00,0.00,12.27,0,0.0,0.000,47.5,22.1,0.000,-1,0,NaN,0,0,0,0,51.493678,-2.215966,183.0,148.1,0.0,1011526868000.0,11.0,0,,DEMO,RECONNECTING,0,0,90.0,0.0,1
1570599610482,33,0,23.54,0.00,0.00,12.27,0,0.0,0.000,47.5,22.1,0.000,-1,0,NaN,0,0,0,0,51.493678,-2.215966,183.0,148.1,0.0,1011526868000.0,11.0,0,,DEMO,RECONNECTING,0,0,90.0,0.0,1
1570599610741,33,0,23.54,0.00,0.00,12.27,0,0.0,0.000,47.5,22.1,0.000,-1,0,NaN,0,0,0,0,51.493678,-2.215966,183.0,148.1,0.0,1011526868000.0,11.0,0,,DEMO,RECONNECTING,0,0,90.0,0.0,1
1570599610994,33,0,23.54,0.00,0.00,12.27,0,0.0,0.000,47.5,22.1,0.000,-1,0,NaN,0,0,0,0,51.493678,-2.215966,183.0,148.1,0.0,1011526868000.0,11.0,0,,DEMO,RECONNECTING,0,0,90.0,0.0,1
1570599611257,33,0,23.54,0.00,0.00,12.27,0,0.0,0.000,47.5,22.1,0.000,-1,0,NaN,0,0,0,0,51.493678,-2.215966,183.0,148.1,0.0,1011526868000.0,11.0,0,,DEMO,RECONNECTING,0,0,90.0,0.0,1
1570599611511,33,0,23.54,0.00,0.00,12.27,0,0.0,0.000,47.5,22.1,0.000,-1,0,NaN,0,0,0,0,51.493678,-2.215966,183.0,148.1,0.0,1011526868000.0,11.0,0,,DEMO,DISCONNECTED,0,0,90.0,0.0,1
1570599611766,33,0,23.54,0.00,0.00,12.27,0,0.0,0.000,47.5,22.1,0.000,-1,0,NaN,0,0,0,0,51.493678,-2.215966,183.0,148.1,0.0,1011526868000.0,11.0,0,,DEMO,DISCONNECTED,0,0,90.0,0.0,1
1570599612023,33,0,23.54,0.00,0.00,12.27,0,0.0,0.000,47.5,22.1,0.000,-1,0,NaN,0,0,0,0,51.493678,-2.215966,183.0,148.1,0.0,1011526868000.0,11.0,0,,DEMO,DISCONNECTED,0,0,90.0,0.0,1
1570599612277,33,0,23.54,0.00,0.00,12.27,0,0.0,0.000,47.5,22.1,0.000,-1,0,NaN,0,0,0,0,51.493678,-2.215966,184.1,86.8,0.0,1011526870000.0,11.2,0,,DEMO,DISCONNECTED,0,0,89.6,0.0,1
1570599612528,33,0,23.54,0.00,0.00,12.27,0,0.0,0.000,47.5,22.1,0.000,-1,0,NaN,0,0,0,0,51.493678,-2.215966,184.1,86.8,0.0,1011526870000.0,11.2,0,,DEMO,DISCONNECTED,0,0,89.6,0.0,1
1570599612780,33,0,23.54,0.00,0.00,12.27,0,0.0,0.000,47.5,22.1,0.000,-1,0,NaN,0,0,0,0,51.493678,-2.215966,184.1,86.8,0.0,1011526870000.0,11.2,0,,DEMO,DISCONNECTED,0,0,89.6,0.0,1
1570599613036,33,0,23.54,0.00,0.00,12.27,0,0.0,0.000,47.5,22.1,0.000,-1,0,NaN,0,0,0,0,51.493678,-2.215966,184.1,86.8,0.0,1011526870000.0,11.2,0,,DEMO,DISCONNECTED,0,0,89.6,0.0,1
1570599613294,33,0,23.54,0.00,0.00,12.27,0,0.0,0.000,47.5,22.1,0.000,-1,0,NaN,0,0,0,0,51.493678,-2.215966,184.1,86.8,0.0,1011526870000.0,11.2,0,,DEMO,DISCONNECTED,0,0,89.6,0.0,1
1570599613554,33,0,23.54,0.00,0.00,12.27,0,0.0,0.000,47.5,22.1,0.000,-1,0,NaN,0,0,0,0,51.493678,-2.215966,184.1,86.8,0.0,1011526870000.0,11.2,0,,DEMO,RECONNECTING,0,0,89.6,0.0,1
1570599613818,33,0,23.54,0.00,0.00,12.27,0,0.0,0.000,47.5,22.1,0.000,-1,0,NaN,0,0,0,0,51.493678,-2.215966,184.1,86.8,0.0,1011526870000.0,11.2,0,,DEMO,RECONNECTING,0,0,89.6,0.0,1
1570599614083,33,0,23.54,0.00,0.00,12.27,0,0.0,0.000,47.5,22.1,0.000,-1,0,NaN,0,0,0,0,51.493678,-2.215966,184.1,86.8,0.0,1011526870000.0,11.2,0,,DEMO,RECONNECTING,0,0,89.6,0.0,1
1570599614339,33,0,23.54,0.00,0.00,12.27,0,0.0,0.000,47.5,22.1,0.000,-1,0,NaN,0,0,0,0,51.493678,-2.215966,186.3,130.3,0.0,1011526872000.0,11.2,0,,DEMO,RECONNECTING,0,0,89.7,0.0,1
1570599614603,33,0,23.54,0.00,0.00,12.27,0,0.0,0.000,47.5,22.1,0.000,-1,0,NaN,0,0,0,0,51.493678,-2.215966,186.3,130.3,0.0,1011526872000.0,11.2,0,,DEMO,RECONNECTING,0,0,89.7,0.0,1
1570599614866,33,0,23.54,0.00,0.00,12.27,0,0.0,0.000,47.5,22.1,0.000,-1,0,NaN,0,0,0,0,51.493678,-2.215966,186.3,130.3,0.0,1011526872000.0,11.2,0,,DEMO,RECONNECTING,0,0,89.7,0.0,1
1570599615134,33,0,23.54,0.00,0.00,12.27,0,0.0,0.000,47.5,22.1,0.000,-1,0,NaN,0,0,0,0,51.493678,-2.215966,186.3,130.3,0.0,1011526872000.0,11.2,0,,DEMO,RECONNECTING,0,0,89.7,0.0,1
1570599615403,33,0,23.54,0.00,0.00,12.27,0,0.0,0.000,47.5,22.1,0.000,-1,0,NaN,0,0,0,0,51.493678,-2.215966,186.3,130.3,0.0,1011526872000.0,11.2,0,,DEMO,RECONNECTING,0,0,89.7,0.0,1
1570599615662,33,0,23.54,0.00,0.00,12.27,0,0.0,0.000,47.5,22.1,0.000,-1,0,NaN,0,0,0,0,51.493678,-2.215966,186.3,130.3,0.0,1011526872000.0,11.2,0,,DEMO,RECONNECTING,0,0,89.7,0.0,1
1570599615930,33,0,23.54,0.00,0.00,12.27,0,0.0,0.000,47.5,22.1,0.000,-1,0,NaN,0,0,0,0,51.493678,-2.215966,186.3,130.3,0.0,1011526872000.0,11.2,0,,DEMO,RECONNECTING,0,0,89.7,0.0,1
1570599616185,33,0,23.54,0.00,0.00,12.27,0,0.0,0.000,47.5,22.1,0.000,-1,0,NaN,0,0,0,0,51.493678,-2.215966,184.7,135.1,0.0,1011526874000.0,11.0,0,,DEMO,RECONNECTING,0,0,-90.0,0.0,1
1570599616450,33,0,23.54,0.00,0.00,12.27,0,0.0,0.000,47.5,22.1,0.000,-1,0,NaN,0,0,0,0,51.493678,-2.215966,184.7,135.1,0.0,1011526874000.0,11.0,0,,DEMO,RECONNECTING,0,0,-90.0,0.0,1
1570599616704,33,0,23.54,0.00,0.00,12.27,0,0.0,0.000,47.5,22.1,0.000,-1,0,NaN,0,0,0,0,51.493678,-2.215966,184.7,135.1,0.0,1011526874000.0,11.0,0,,DEMO,RECONNECTING,0,0,-90.0,0.0,1
1570599616967,33,0,23.54,0.00,0.00,12.27,0,0.0,0.000,47.5,22.1,0.000,-1,0,NaN,0,0,0,0,51.493678,-2.215966,184.7,135.1,0.0,1011526874000.0,11.0,0,,DEMO,RECONNECTING,0,0,-90.0,0.0,1
1570599617233,33,0,23.54,0.00,0.00,12.27,0,0.0,0.000,47.5,22.1,0.000,-1,0,NaN,0,0,0,0,51.493678,-2.215966,184.7,135.1,0.0,1011526874000.0,11.0,0,,DEMO,RECONNECTING,0,0,-90.0,0.0,1
1570599617489,33,0,23.54,0.00,0.00,12.27,0,0.0,0.000,47.5,22.1,0.000,-1,0,NaN,0,0,0,0,51.493678,-2.215966,184.7,135.1,0.0,1011526874000.0,11.0,0,,DEMO,RECONNECTING,0,0,-90.0,0.0,1
1570599617752,33,0,23.54,0.00,0.00,12.27,0,0.0,0.000,47.5,22.1,0.000,-1,0,NaN,0,0,0,0,51.493678,-2.215966,184.7,135.1,0.0,1011526874000.0,11.0,0,,DEMO,RECONNECTING,0,0,-90.0,0.0,1
1570599618012,33,0,23.54,0.00,0.00,12.27,0,0.0,0.000,47.5,22.1,0.000,-1,0,NaN,0,0,0,0,51.493678,-2.215966,184.7,135.1,0.0,1011526874000.0,11.0,0,,DEMO,RECONNECTING,0,0,-90.0,0.0,1
1570599618288,33,0,23.54,0.00,0.00,12.27,0,0.0,0.000,47.5,22.1,0.000,-1,0,NaN,0,0,0,0,51.493678,-2.215965,183.7,145.6,0.0,1011526876000.0,10.4,0,,DEMO,RECONNECTING,0,0,-89.3,0.0,1
1570599618556,33,0,23.54,0.00,0.00,12.27,0,0.0,0.000,47.5,22.1,0.000,-1,0,NaN,0,0,0,0,51.493678,-2.215965,183.7,145.6,0.0,1011526876000.0,10.4,0,,DEMO,RECONNECTING,0,0,-89.3,0.0,1
1570599618842,33,0,23.54,0.00,0.00,12.27,0,0.0,0.000,47.5,22.1,0.000,-1,0,NaN,0,0,0,0,51.493678,-2.215965,183.7,145.6,0.0,1011526876000.0,10.4,0,,DEMO,RECONNECTING,0,0,-89.3,0.0,1
1570599619104,33,0,23.54,0.00,0.00,12.27,0,0.0,0.000,47.5,22.1,0.000,-1,0,NaN,0,0,0,0,51.493678,-2.215965,183.7,145.6,0.0,1011526876000.0,10.4,0,,DEMO,RECONNECTING,0,0,-89.3,0.0,1
1570599619364,33,0,23.54,0.00,0.00,12.27,0,0.0,0.000,47.5,22.1,0.000,-1,0,NaN,0,0,0,0,51.493678,-2.215965,183.7,145.6,0.0,1011526876000.0,10.4,0,,DEMO,RECONNECTING,0,0,-89.3,0.0,1
1570599619627,33,0,23.54,0.00,0.00,12.27,0,0.0,0.000,47.5,22.1,0.000,-1,0,NaN,0,0,0,0,51.493678,-2.215965,183.7,145.6,0.0,1011526876000.0,10.4,0,,DEMO,RECONNECTING,0,0,-89.3,0.0,1
1570599619883,33,0,23.54,0.00,0.00,12.27,0,0.0,0.000,47.5,22.1,0.000,-1,0,NaN,0,0,0,0,51.493678,-2.215965,183.7,145.6,0.0,1011526876000.0,10.4,0,,DEMO,DISCONNECTED,0,0,-89.3,0.0,1
1570599620139,33,0,23.54,0.00,0.00,12.27,0,0.0,0.000,47.5,22.1,0.000,-1,0,NaN,0,0,0,0,51.493678,-2.215965,183.7,145.6,0.0,1011526876000.0,10.4,0,,DEMO,DISCONNECTED,0,0,-89.3,0.0,1
1570599620394,33,0,23.54,0.00,0.00,12.27,0,0.0,0.000,47.5,22.1,0.000,-1,0,NaN,0,0,0,0,51.493678,-2.215965,182.1,129.3,0.0,1011526878000.0,10.1,0,,DEMO,DISCONNECTED,0,0,-89.7,0.0,1
1570599620645,33,0,23.54,0.00,0.00,12.27,0,0.0,0.000,47.5,22.1,0.000,-1,0,NaN,0,0,0,0,51.493678,-2.215965,182.1,129.3,0.0,1011526878000.0,10.1,0,,DEMO,DISCONNECTED,0,0,-89.7,0.0,1
1570599620898,33,0,23.54,0.00,0.00,12.27,0,0.0,0.000,47.5,22.1,0.000,-1,0,NaN,0,0,0,0,51.493678,-2.215965,182.1,129.3,0.0,1011526878000.0,10.1,0,,DEMO,DISCONNECTED,0,0,-89.7,0.0,1
1570599621152,33,0,23.54,0.00,0.00,12.27,0,0.0,0.000,47.5,22.1,0.000,-1,0,NaN,0,0,0,0,51.493678,-2.215965,182.1,129.3,0.0,1011526878000.0,10.1,0,,DEMO,DISCONNECTED,0,0,-89.7,0.0,1
1570599621404,33,0,23.54,0.00,0.00,12.27,0,0.0,0.000,47.5,22.1,0.000,-1,0,NaN,0,0,0,0,51.493678,-2.215965,182.1,129.3,0.0,1011526878000.0,10.1,0,,DEMO,DISCONNECTED,0,0,-89.7,0.0,1
1570599621657,33,0,23.54,0.00,0.00,12.27,0,0.0,0.000,47.5,22.1,0.000,-1,0,NaN,0,0,0,0,51.493678,-2.215965,182.1,129.3,0.0,1011526878000.0,10.1,0,,DEMO,DISCONNECTED,0,0,-89.7,0.0,1
1570599621910,33,0,23.54,0.00,0.00,12.27,0,0.0,0.000,47.5,22.1,0.000,-1,0,NaN,0,0,0,0,51.493678,-2.215965,182.1,129.3,0.0,1011526878000.0,10.1,0,,DEMO,RECONNECTING,0,0,-89.7,0.0,1
1570599622166,33,0,23.54,0.00,0.00,12.27,0,0.0,0.000,47.5,22.1,0.000,-1,0,NaN,0,0,0,0,51.493678,-2.215965,185.5,132.8,0.0,1011526880000.0,10.0,0,,DEMO,RECONNECTING,0,0,89.8,0.0,1
1570599622421,33,0,23.54,0.00,0.00,12.27,0,0.0,0.000,47.5,22.1,0.000,-1,0,NaN,0,0,0,0,51.493678,-2.215965,185.5,132.8,0.0,1011526880000.0,10.0,0,,DEMO,RECONNECTING,0,0,89.8,0.0,1
1570599622674,33,0,23.54,0.00,0.00,12.27,0,0.0,0.000,47.5,22.1,0.000,-1,0,NaN,0,0,0,0,51.493678,-2.215965,185.5,132.8,0.0,1011526880000.0,10.0,0,,DEMO,RECONNECTING,0,0,89.8,0.0,1
1570599622928,33,0,23.54,0.00,0.00,12.27,0,0.0,0.000,47.5,22.1,0.000,-1,0,NaN,0,0,0,0,51.493678,-2.215965,185.5,132.8,0.0,1011526880000.0,10.0,0,,DEMO,RECONNECTING,0,0,89.8,0.0,1
1570599623181,33,0,23.54,0.00,0.00,12.27,0,0.0,0.000,47.5,22.1,0.000,-1,0,NaN,0,0,0,0,51.493678,-2.215965,185.5,132.8,0.0,1011526880000.0,10.0,0,,DEMO,RECONNECTING,0,0,89.8,0.0,1
1570599623433,33,0,23.54,0.00,0.00,12.27,0,0.0,0.000,47.5,22.1,0.000,-1,0,NaN,0,0,0,0,51.493678,-2.215965,185.5,132.8,0.0,1011526880000.0,10.0,0,,DEMO,RECONNECTING,0,0,89.8,0.0,1
1570599623687,33,0,23.54,0.00,0.00,12.27,0,0.0,0.000,47.5,22.1,0.000,-1,0,NaN,0,0,0,0,51.493678,-2.215965,185.5,132.8,0.0,1011526880000.0,10.0,0,,DEMO,RECONNECTING,0,0,89.8,0.0,1
1570599623947,33,0,23.54,0.00,0.00,12.27,0,0.0,0.000,47.5,22.1,0.000,-1,0,NaN,0,0,0,0,51.493678,-2.215965,185.5,132.8,0.0,1011526880000.0,10.0,0,,DEMO,RECONNECTING,0,0,89.8,0.0,1
1570599624202,33,0,23.54,0.00,0.00,12.27,0,0.0,0.000,47.5,22.1,0.000,-1,0,NaN,0,0,0,0,51.493678,-2.215965,184.4,138.0,0.0,1011526882000.0,10.0,0,,DEMO,RECONNECTING,0,0,-90.0,0.0,1
1570599624456,33,0,23.54,0.00,0.00,12.27,0,0.0,0.000,47.5,22.1,0.000,-1,0,NaN,0,0,0,0,51.493678,-2.215965,184.4,138.0,0.0,1011526882000.0,10.0,0,,DEMO,RECONNECTING,0,0,-90.0,0.0,1
1570599624723,33,0,23.54,0.00,0.00,12.27,0,0.0,0.000,47.5,22.1,0.000,-1,0,NaN,0,0,0,0,51.493678,-2.215965,184.4,138.0,0.0,1011526882000.0,10.0,0,,DEMO,RECONNECTING,0,0,-90.0,0.0,1
1570599624990,33,0,23.54,0.00,0.00,12.27,0,0.0,0.000,47.5,22.1,0.000,-1,0,NaN,0,0,0,0,51.493678,-2.215965,184.4,138.0,0.0,1011526882000.0,10.0,0,,DEMO,RECONNECTING,0,0,-90.0,0.0,1
1570599625243,33,0,23.54,0.00,0.00,12.27,0,0.0,0.000,47.5,22.1,0.000,-1,0,NaN,0,0,0,0,51.493678,-2.215965,184.4,138.0,0.0,1011526882000.0,10.0,0,,DEMO,RECONNECTING,0,0,-90.0,0.0,1
1570599625500,33,0,23.54,0.00,0.00,12.27,0,0.0,0.000,47.5,22.1,0.000,-1,0,NaN,0,0,0,0,51.493678,-2.215965,184.4,138.0,0.0,1011526882000.0,10.0,0,,DEMO,RECONNECTING,0,0,-90.0,0.0,1
1570599625761,33,0,23.54,0.00,0.00,12.27,0,0.0,0.000,47.5,22.1,0.000,-1,0,NaN,0,0,0,0,51.493678,-2.215965,184.4,138.0,0.0,1011526882000.0,10.0,0,,DEMO,RECONNECTING,0,0,-90.0,0.0,1
1570599626021,33,0,23.54,0.00,0.00,12.27,0,0.0,0.000,47.5,22.1,0.000,-1,0,NaN,0,0,0,0,51.493678,-2.215965,184.4,138.0,0.0,1011526882000.0,10.0,0,,DEMO,RECONNECTING,0,0,-90.0,0.0,1
